d_estado;D_mnpio;pob_total
Aguascalientes;Aguascalientes;948990
Aguascalientes;Asientos;51536
Aguascalientes;Calvillo;58250
Aguascalientes;Cosío;17000
Aguascalientes;Jesús María;129929
Aguascalientes;Pabellón de Arteaga;47646
Aguascalientes;Rincón de Romos;57369
Aguascalientes;San José de Gracia;9552
Aguascalientes;Tepezalá;22485
Aguascalientes;El Llano;20853
Aguascalientes;San Francisco de los Romo;61997
Baja California;Ensenada;443807
Baja California;Mexicali;1049792
Baja California;Tecate;108440
Baja California;Tijuana;1922523
Baja California;Playas de Rosarito;126890
Baja California;San Quintín;117568
Baja California Sur;Comondú;73021
Baja California Sur;Mulegé;64022
Baja California Sur;La Paz;292241
Baja California Sur;Los Cabos;351111
Baja California Sur;Loreto;18052
Campeche;Calkiní;59232
Campeche;Campeche;294077
Campeche;Carmen;248845
Campeche;Champotón;78170
Campeche;Hecelchakán;31917
Campeche;Hopelchén;42140
Campeche;Palizada;8683
Campeche;Tenabo;11452
Campeche;Escárcega;59923
Campeche;Calakmul;31714
Campeche;Candelaria;46913
Campeche;Seybaplaya;15297
Coahuila de Zaragoza;Abasolo;1022
Coahuila de Zaragoza;Acuña;163058
Coahuila de Zaragoza;Allende;23056
Coahuila de Zaragoza;Arteaga;29578
Coahuila de Zaragoza;Candela;1643
Coahuila de Zaragoza;Castaños;29128
Coahuila de Zaragoza;Cuatro Ciénegas;12715
Coahuila de Zaragoza;Escobedo;3047
Coahuila de Zaragoza;Francisco I. Madero;59035
Coahuila de Zaragoza;Frontera;82409
Coahuila de Zaragoza;General Cepeda;11898
Coahuila de Zaragoza;Guerrero;1643
Coahuila de Zaragoza;Hidalgo;1735
Coahuila de Zaragoza;Jiménez;9502
Coahuila de Zaragoza;Juárez;1584
Coahuila de Zaragoza;Lamadrid;1764
Coahuila de Zaragoza;Matamoros;118337
Coahuila de Zaragoza;Monclova;237951
Coahuila de Zaragoza;Morelos;7928
Coahuila de Zaragoza;Múzquiz;71627
Coahuila de Zaragoza;Nadadores;6539
Coahuila de Zaragoza;Nava;33129
Coahuila de Zaragoza;Ocampo;9642
Coahuila de Zaragoza;Parras;44472
Coahuila de Zaragoza;Piedras Negras;176327
Coahuila de Zaragoza;Progreso;3239
Coahuila de Zaragoza;Ramos Arizpe;122243
Coahuila de Zaragoza;Sabinas;64811
Coahuila de Zaragoza;Sacramento;2471
Coahuila de Zaragoza;Saltillo;879958
Coahuila de Zaragoza;San Buenaventura;24759
Coahuila de Zaragoza;San Juan de Sabinas;42260
Coahuila de Zaragoza;San Pedro;101041
Coahuila de Zaragoza;Sierra Mojada;6744
Coahuila de Zaragoza;Torreón;720848
Coahuila de Zaragoza;Viesca;20305
Coahuila de Zaragoza;Villa Unión;6188
Coahuila de Zaragoza;Zaragoza;13135
Colima;Armería;27626
Colima;Colima;157048
Colima;Comala;21661
Colima;Coquimatlán;20837
Colima;Cuauhtémoc;31267
Colima;Ixtlahuacán;5623
Colima;Manzanillo;191031
Colima;Minatitlán;10231
Colima;Tecomán;116305
Colima;Villa de Álvarez;149762
Chiapas;Acacoyagua;17994
Chiapas;Acala;21187
Chiapas;Acapetahua;26899
Chiapas;Altamirano;36160
Chiapas;Amatán;24512
Chiapas;Amatenango de la Frontera;31735
Chiapas;Amatenango del Valle;11283
Chiapas;Ángel Albino Corzo;31947
Chiapas;Arriaga;41135
Chiapas;Bejucal de Ocampo;7365
Chiapas;Bella Vista;20157
Chiapas;Berriozábal;64632
Chiapas;Bochil;37263
Chiapas;El Bosque;24273
Chiapas;Cacahoatán;50112
Chiapas;Catazajá;17619
Chiapas;Cintalapa;88106
Chiapas;Coapilla;9900
Chiapas;Comitán de Domínguez;166178
Chiapas;La Concordia;49920
Chiapas;Copainalá;22192
Chiapas;Chalchihuitán;21915
Chiapas;Chamula;101967
Chiapas;Chanal;13678
Chiapas;Chapultenango;7472
Chiapas;Chenalhó;47371
Chiapas;Chiapa de Corzo;112075
Chiapas;Chiapilla;6156
Chiapas;Chicoasén;5402
Chiapas;Chicomuselo;36785
Chiapas;Chilón;137262
Chiapas;Escuintla;30896
Chiapas;Francisco León;7245
Chiapas;Frontera Comalapa;80897
Chiapas;Frontera Hidalgo;14556
Chiapas;La Grandeza;7701
Chiapas;Huehuetán;36333
Chiapas;Huixtán;22975
Chiapas;Huitiupán;27893
Chiapas;Huixtla;53242
Chiapas;La Independencia;46409
Chiapas;Ixhuatán;11377
Chiapas;Ixtacomitán;10961
Chiapas;Ixtapa;28999
Chiapas;Ixtapangajoya;6284
Chiapas;Jiquipilas;41063
Chiapas;Jitotol;24966
Chiapas;Juárez;21807
Chiapas;Larráinzar;31259
Chiapas;La Libertad;5232
Chiapas;Mapastepec;46130
Chiapas;Las Margaritas;141027
Chiapas;Mazapa de Madero;7901
Chiapas;Mazatán;28250
Chiapas;Metapa;5876
Chiapas;Mitontic;13755
Chiapas;Motozintla;76398
Chiapas;Nicolás Ruíz;4765
Chiapas;Ocosingo;234661
Chiapas;Ocotepec;14088
Chiapas;Ocozocoautla de Espinosa;97397
Chiapas;Ostuacán;18469
Chiapas;Osumacinta;3983
Chiapas;Oxchuc;54932
Chiapas;Palenque;132265
Chiapas;Pantelhó;26391
Chiapas;Pantepec;12266
Chiapas;Pichucalco;31919
Chiapas;Pijijiapan;51193
Chiapas;El Porvenir;12263
Chiapas;Villa Comaltitlán;30297
Chiapas;Pueblo Nuevo Solistahuacán;29636
Chiapas;Rayón;10866
Chiapas;Reforma;44829
Chiapas;Las Rosas;28829
Chiapas;Sabanilla;29889
Chiapas;Salto de Agua;64251
Chiapas;San Cristóbal de las Casas;215874
Chiapas;San Fernando;41793
Chiapas;Siltepec;25937
Chiapas;Simojovel;52935
Chiapas;Sitalá;15518
Chiapas;Socoltenango;19092
Chiapas;Solosuchiapa;8561
Chiapas;Soyaló;10890
Chiapas;Suchiapa;25627
Chiapas;Suchiate;41672
Chiapas;Sunuapa;2308
Chiapas;Tapachula;353706
Chiapas;Tapalapa;4547
Chiapas;Tapilula;13592
Chiapas;Tecpatán;21426
Chiapas;Tenejapa;48162
Chiapas;Teopisca;49499
Chiapas;Tila;83505
Chiapas;Tonalá;91913
Chiapas;Totolapa;7211
Chiapas;La Trinitaria;83111
Chiapas;Tumbalá;38025
Chiapas;Tuxtla Gutiérrez;604147
Chiapas;Tuxtla Chico;41024
Chiapas;Tuzantán;30302
Chiapas;Tzimol;16560
Chiapas;Unión Juárez;16008
Chiapas;Venustiano Carranza;67292
Chiapas;Villa Corzo;65643
Chiapas;Villaflores;109536
Chiapas;Yajalón;40285
Chiapas;San Lucas;7526
Chiapas;Zinacantán;45373
Chiapas;San Juan Cancuc;37948
Chiapas;Aldama;8480
Chiapas;Benemérito de las Américas;23603
Chiapas;Maravilla Tenejapa;14714
Chiapas;Marqués de Comillas;12892
Chiapas;Montecristo de Guerrero;8412
Chiapas;San Andrés Duraznal;6047
Chiapas;Santiago el Pinar;4959
Chiapas;Capitán Luis Ángel Vidal;4315
Chiapas;Rincón Chamula San Pedro;8718
Chiapas;El Parral;15587
Chiapas;Emiliano Zapata;10783
Chiapas;Mezcalapa;23847
Chiapas;Honduras de la Sierra;11650
Chihuahua;Ahumada;14635
Chihuahua;Aldama;26047
Chihuahua;Allende;8487
Chihuahua;Aquiles Serdán;24344
Chihuahua;Ascensión;26093
Chihuahua;Bachíniva;5807
Chihuahua;Balleza;16440
Chihuahua;Batopilas de Manuel Gómez Morín;11270
Chihuahua;Bocoyna;23351
Chihuahua;Buenaventura;25146
Chihuahua;Camargo;49499
Chihuahua;Carichí;8113
Chihuahua;Casas Grandes;11815
Chihuahua;Coronado;2034
Chihuahua;Coyame del Sotol;1230
Chihuahua;La Cruz;3704
Chihuahua;Cuauhtémoc;180638
Chihuahua;Cusihuiriachi;5099
Chihuahua;Chihuahua;937674
Chihuahua;Chínipas;6222
Chihuahua;Delicias;150506
Chihuahua;Dr. Belisario Domínguez;2456
Chihuahua;Galeana;6656
Chihuahua;Santa Isabel;3791
Chihuahua;Gómez Farías;7023
Chihuahua;Gran Morelos;2448
Chihuahua;Guachochi;50180
Chihuahua;Guadalupe;4237
Chihuahua;Guadalupe y Calvo;50514
Chihuahua;Guazapares;8196
Chihuahua;Guerrero;35473
Chihuahua;Hidalgo del Parral;116662
Chihuahua;Huejotitán;824
Chihuahua;Ignacio Zaragoza;5196
Chihuahua;Janos;11005
Chihuahua;Jiménez;40859
Chihuahua;Juárez;1512450
Chihuahua;Julimes;4980
Chihuahua;López;4122
Chihuahua;Madera;25144
Chihuahua;Maguarichi;1302
Chihuahua;Manuel Benavides;1178
Chihuahua;Matachí;2742
Chihuahua;Matamoros;4314
Chihuahua;Meoqui;44853
Chihuahua;Morelos;7266
Chihuahua;Moris;4447
Chihuahua;Namiquipa;22712
Chihuahua;Nonoava;2757
Chihuahua;Nuevo Casas Grandes;65753
Chihuahua;Ocampo;8127
Chihuahua;Ojinaga;24534
Chihuahua;Praxedis G. Guerrero;5111
Chihuahua;Riva Palacio;7695
Chihuahua;Rosales;16776
Chihuahua;Rosario;2079
Chihuahua;San Francisco de Borja;2197
Chihuahua;San Francisco de Conchos;2696
Chihuahua;San Francisco del Oro;5004
Chihuahua;Santa Bárbara;11582
Chihuahua;Satevó;3414
Chihuahua;Saucillo;29862
Chihuahua;Temósachic;5320
Chihuahua;El Tule;1448
Chihuahua;Urique;17043
Chihuahua;Uruachi;6512
Chihuahua;Valle de Zaragoza;4775
Ciudad de México;Azcapotzalco;432205
Ciudad de México;Coyoacán;614447
Ciudad de México;Cuajimalpa de Morelos;217686
Ciudad de México;Gustavo A. Madero;1173351
Ciudad de México;Iztacalco;404695
Ciudad de México;Iztapalapa;1835486
Ciudad de México;La Magdalena Contreras;247622
Ciudad de México;Milpa Alta;152685
Ciudad de México;Álvaro Obregón;759137
Ciudad de México;Tláhuac;392313
Ciudad de México;Tlalpan;699928
Ciudad de México;Xochimilco;442178
Ciudad de México;Benito Juárez;434153
Ciudad de México;Cuauhtémoc;545884
Ciudad de México;Miguel Hidalgo;414470
Ciudad de México;Venustiano Carranza;443704
Durango;Canatlán;31454
Durango;Canelas;4321
Durango;Coneto de Comonfort;4084
Durango;Cuencamé;34955
Durango;Durango;688697
Durango;General Simón Bolívar;10038
Durango;Gómez Palacio;372750
Durango;Guadalupe Victoria;36695
Durango;Guanaceví;9869
Durango;Hidalgo;3843
Durango;Indé;4748
Durango;Lerdo;163313
Durango;Mapimí;26932
Durango;Mezquital;48583
Durango;Nazas;12894
Durango;Nombre de Dios;19060
Durango;Ocampo;8003
Durango;El Oro;10384
Durango;Otáez;4924
Durango;Pánuco de Coronado;12656
Durango;Peñón Blanco;11118
Durango;Poanas;25623
Durango;Pueblo Nuevo;51269
Durango;Rodeo;12818
Durango;San Bernardo;2837
Durango;San Dimas;17333
Durango;San Juan de Guadalupe;5251
Durango;San Juan del Río;12013
Durango;San Luis del Cordero;2103
Durango;San Pedro del Gallo;1633
Durango;Santa Clara;6727
Durango;Santiago Papasquiaro;49207
Durango;Súchil;6917
Durango;Tamazula;26300
Durango;Tepehuanes;11378
Durango;Tlahualilo;21143
Durango;Topia;9320
Durango;Vicente Guerrero;23476
Durango;Nuevo Ideal;27981
Guanajuato;Abasolo;92040
Guanajuato;Acámbaro;108697
Guanajuato;San Miguel de Allende;174615
Guanajuato;Apaseo el Alto;63392
Guanajuato;Apaseo el Grande;117883
Guanajuato;Atarjea;5296
Guanajuato;Celaya;521169
Guanajuato;Manuel Doblado;41240
Guanajuato;Comonfort;82216
Guanajuato;Coroneo;11083
Guanajuato;Cortazar;97928
Guanajuato;Cuerámaro;30857
Guanajuato;Doctor Mora;27390
Guanajuato;Dolores Hidalgo Cuna de la Independencia Nacional;163038
Guanajuato;Guanajuato;194500
Guanajuato;Huanímaro;21128
Guanajuato;Irapuato;592953
Guanajuato;Jaral del Progreso;38782
Guanajuato;Jerécuaro;49517
Guanajuato;León;1721215
Guanajuato;Moroleón;47261
Guanajuato;Ocampo;26383
Guanajuato;Pénjamo;154960
Guanajuato;Pueblo Nuevo;12403
Guanajuato;Purísima del Rincón;83842
Guanajuato;Romita;65766
Guanajuato;Salamanca;273417
Guanajuato;Salvatierra;94126
Guanajuato;San Diego de la Unión;41054
Guanajuato;San Felipe;119793
Guanajuato;San Francisco del Rincón;130871
Guanajuato;San José Iturbide;89558
Guanajuato;San Luis de la Paz;128536
Guanajuato;Santa Catarina;5723
Guanajuato;Santa Cruz de Juventino Rosas;82340
Guanajuato;Santiago Maravatío;6714
Guanajuato;Silao de la Victoria;203556
Guanajuato;Tarandacuao;11304
Guanajuato;Tarimoro;35905
Guanajuato;Tierra Blanca;20007
Guanajuato;Uriangato;61494
Guanajuato;Valle de Santiago;150054
Guanajuato;Victoria;21253
Guanajuato;Villagrán;65791
Guanajuato;Xichú;11143
Guanajuato;Yuriria;68741
Guerrero;Acapulco de Juárez;779566
Guerrero;Ahuacuotzingo;25205
Guerrero;Ajuchitlán del Progreso;37655
Guerrero;Alcozauca de Guerrero;21225
Guerrero;Alpoyeca;7813
Guerrero;Apaxtla;11112
Guerrero;Arcelia;33267
Guerrero;Atenango del Río;9147
Guerrero;Atlamajalcingo del Monte;5811
Guerrero;Atlixtac;28491
Guerrero;Atoyac de Álvarez;60680
Guerrero;Ayutla de los Libres;69123
Guerrero;Azoyú;15099
Guerrero;Benito Juárez;15442
Guerrero;Buenavista de Cuéllar;12982
Guerrero;Coahuayutla de José María Izazaga;12408
Guerrero;Cocula;15579
Guerrero;Copala;14463
Guerrero;Copalillo;15598
Guerrero;Copanatoyac;21648
Guerrero;Coyuca de Benítez;73056
Guerrero;Coyuca de Catalán;38554
Guerrero;Cuajinicuilapa;26627
Guerrero;Cualác;7874
Guerrero;Cuautepec;17024
Guerrero;Cuetzala del Progreso;8272
Guerrero;Cutzamala de Pinzón;20537
Guerrero;Chilapa de Álvarez;123722
Guerrero;Chilpancingo de los Bravo;283354
Guerrero;Florencio Villarreal;22250
Guerrero;General Canuto A. Neri;6278
Guerrero;General Heliodoro Castillo;37254
Guerrero;Huamuxtitlán;17488
Guerrero;Huitzuco de los Figueroa;36593
Guerrero;Iguala de la Independencia;154173
Guerrero;Igualapa;11739
Guerrero;Ixcateopan de Cuauhtémoc;6138
Guerrero;Zihuatanejo de Azueta;126001
Guerrero;Juan R. Escudero;26093
Guerrero;Leonardo Bravo;26357
Guerrero;Malinaltepec;29625
Guerrero;Mártir de Cuilapan;18613
Guerrero;Metlatónoc;18859
Guerrero;Mochitlán;12402
Guerrero;Olinalá;28446
Guerrero;Ometepec;68207
Guerrero;Pedro Ascencio Alquisiras;7076
Guerrero;Petatlán;44583
Guerrero;Pilcaya;12753
Guerrero;Pungarabato;38482
Guerrero;Quechultenango;36143
Guerrero;San Luis Acatlán;46270
Guerrero;San Marcos;50124
Guerrero;San Miguel Totolapan;24139
Guerrero;Taxco de Alarcón;105586
Guerrero;Tecoanapa;46063
Guerrero;Técpan de Galeana;65237
Guerrero;Teloloapan;53817
Guerrero;Tepecoacuilco de Trujano;30806
Guerrero;Tetipac;13552
Guerrero;Tixtla de Guerrero;43171
Guerrero;Tlacoachistlahuaca;22781
Guerrero;Tlacoapa;10092
Guerrero;Tlalchapa;11681
Guerrero;Tlalixtaquilla de Maldonado;7602
Guerrero;Tlapa de Comonfort;96125
Guerrero;Tlapehuala;22209
Guerrero;La Unión de Isidoro Montes de Oca;26349
Guerrero;Xalpatláhuac;11966
Guerrero;Xochihuehuetlán;7862
Guerrero;Xochistlahuaca;29891
Guerrero;Zapotitlán Tablas;12004
Guerrero;Zirándaro;18031
Guerrero;Zitlala;21977
Guerrero;Eduardo Neri;53126
Guerrero;Acatepec;40197
Guerrero;Marquelia;14280
Guerrero;Cochoapa el Grande;21241
Guerrero;José Joaquín de Herrera;18381
Guerrero;Juchitán;7559
Guerrero;Iliatenco;11679
Hidalgo;Acatlán;22268
Hidalgo;Acaxochitlán;46065
Hidalgo;Actopan;61002
Hidalgo;Agua Blanca de Iturbide;10313
Hidalgo;Ajacuba;18872
Hidalgo;Alfajayucan;19162
Hidalgo;Almoloya;12546
Hidalgo;Apan;46681
Hidalgo;El Arenal;19836
Hidalgo;Atitalaquia;31525
Hidalgo;Atlapexco;19812
Hidalgo;Atotonilco el Grande;30135
Hidalgo;Atotonilco de Tula;62470
Hidalgo;Calnali;16150
Hidalgo;Cardonal;19431
Hidalgo;Cuautepec de Hinojosa;60421
Hidalgo;Chapantongo;12967
Hidalgo;Chapulhuacán;22903
Hidalgo;Chilcuautla;18909
Hidalgo;Eloxochitlán;2593
Hidalgo;Emiliano Zapata;15175
Hidalgo;Epazoyucan;16285
Hidalgo;Francisco I. Madero;36248
Hidalgo;Huasca de Ocampo;17607
Hidalgo;Huautla;20673
Hidalgo;Huazalingo;12766
Hidalgo;Huehuetla;22846
Hidalgo;Huejutla de Reyes;126781
Hidalgo;Huichapan;47425
Hidalgo;Ixmiquilpan;98654
Hidalgo;Jacala de Ledezma;12290
Hidalgo;Jaltocán;10523
Hidalgo;Juárez Hidalgo;2895
Hidalgo;Lolotla;9474
Hidalgo;Metepec;13078
Hidalgo;San Agustín Metzquititlán;9449
Hidalgo;Metztitlán;20962
Hidalgo;Mineral del Chico;8878
Hidalgo;Mineral del Monte;14324
Hidalgo;La Misión;9819
Hidalgo;Mixquiahuala de Juárez;47222
Hidalgo;Molango de Escamilla;11578
Hidalgo;Nicolás Flores;6265
Hidalgo;Nopala de Villagrán;16948
Hidalgo;Omitlán de Juárez;9295
Hidalgo;San Felipe Orizatlán;38492
Hidalgo;Pacula;4748
Hidalgo;Pachuca de Soto;314331
Hidalgo;Pisaflores;18723
Hidalgo;Progreso de Obregón;23641
Hidalgo;Mineral de la Reforma;202749
Hidalgo;San Agustín Tlaxiaca;38891
Hidalgo;San Bartolo Tutotepec;17699
Hidalgo;San Salvador;36796
Hidalgo;Santiago de Anaya;18329
Hidalgo;Santiago Tulantepec de Lugo Guerrero;39561
Hidalgo;Singuilucan;15142
Hidalgo;Tasquillo;17441
Hidalgo;Tecozautla;38010
Hidalgo;Tenango de Doria;17503
Hidalgo;Tepeapulco;56245
Hidalgo;Tepehuacán de Guerrero;31235
Hidalgo;Tepeji del Río de Ocampo;90546
Hidalgo;Tepetitlán;10830
Hidalgo;Tetepango;11768
Hidalgo;Villa de Tezontepec;13032
Hidalgo;Tezontepec de Aldama;55134
Hidalgo;Tianguistengo;14340
Hidalgo;Tizayuca;168302
Hidalgo;Tlahuelilpan;19067
Hidalgo;Tlahuiltepa;9086
Hidalgo;Tlanalapa;11113
Hidalgo;Tlanchinol;37722
Hidalgo;Tlaxcoapan;28626
Hidalgo;Tolcayuca;21362
Hidalgo;Tula de Allende;115107
Hidalgo;Tulancingo de Bravo;168369
Hidalgo;Xochiatipan;18260
Hidalgo;Xochicoatlán;7015
Hidalgo;Yahualica;24674
Hidalgo;Zacualtipán de Ángeles;38155
Hidalgo;Zapotlán de Juárez;21443
Hidalgo;Zempoala;57906
Hidalgo;Zimapán;39927
Jalisco;Acatic;23175
Jalisco;Acatlán de Juárez;25250
Jalisco;Ahualulco de Mercado;23630
Jalisco;Amacueca;5743
Jalisco;Amatitán;16490
Jalisco;Ameca;60386
Jalisco;San Juanito de Escobedo;9433
Jalisco;Arandas;80609
Jalisco;El Arenal;21115
Jalisco;Atemajac de Brizuela;7758
Jalisco;Atengo;5599
Jalisco;Atenguillo;4176
Jalisco;Atotonilco el Alto;64009
Jalisco;Atoyac;8689
Jalisco;Autlán de Navarro;64931
Jalisco;Ayotlán;41552
Jalisco;Ayutla;12880
Jalisco;La Barca;67937
Jalisco;Bolaños;7043
Jalisco;Cabo Corrientes;10940
Jalisco;Casimiro Castillo;20548
Jalisco;Cihuatlán;40139
Jalisco;Zapotlán el Grande;115141
Jalisco;Cocula;29267
Jalisco;Colotlán;19689
Jalisco;Concepción de Buenos Aires;6334
Jalisco;Cuautitlán de García Barragán;18370
Jalisco;Cuautla;2166
Jalisco;Cuquío;17820
Jalisco;Chapala;55196
Jalisco;Chimaltitán;3270
Jalisco;Chiquilistlán;5983
Jalisco;Degollado;21226
Jalisco;Ejutla;1981
Jalisco;Encarnación de Díaz;53039
Jalisco;Etzatlán;20011
Jalisco;El Grullo;25920
Jalisco;Guachinango;4199
Jalisco;Guadalajara;1385629
Jalisco;Hostotipaquillo;8732
Jalisco;Huejúcar;5920
Jalisco;Huejuquilla el Alto;10015
Jalisco;La Huerta;23258
Jalisco;Ixtlahuacán de los Membrillos;67969
Jalisco;Ixtlahuacán del Río;20465
Jalisco;Jalostotitlán;32678
Jalisco;Jamay;24894
Jalisco;Jesús María;18982
Jalisco;Jilotlán de los Dolores;9425
Jalisco;Jocotepec;47105
Jalisco;Juanacatlán;30855
Jalisco;Juchitlán;5534
Jalisco;Lagos de Moreno;172403
Jalisco;El Limón;5368
Jalisco;Magdalena;21781
Jalisco;Santa María del Oro;1815
Jalisco;La Manzanilla de la Paz;4099
Jalisco;Mascota;14451
Jalisco;Mazamitla;14043
Jalisco;Mexticacán;5307
Jalisco;Mezquitic;22083
Jalisco;Mixtlán;3638
Jalisco;Ocotlán;106050
Jalisco;Ojuelos de Jalisco;33588
Jalisco;Pihuamo;11386
Jalisco;Poncitlán;53659
Jalisco;Puerto Vallarta;291839
Jalisco;Villa Purificación;11303
Jalisco;Quitupan;7734
Jalisco;El Salto;232852
Jalisco;San Cristóbal de la Barranca;2924
Jalisco;San Diego de Alejandría;7609
Jalisco;San Juan de los Lagos;72230
Jalisco;San Julián;16792
Jalisco;San Marcos;3791
Jalisco;San Martín de Bolaños;3095
Jalisco;San Martín Hidalgo;28102
Jalisco;San Miguel el Alto;31965
Jalisco;Gómez Farías;16431
Jalisco;San Sebastián del Oeste;5086
Jalisco;Santa María de los Ángeles;3515
Jalisco;Sayula;37186
Jalisco;Tala;87690
Jalisco;Talpa de Allende;14997
Jalisco;Tamazula de Gordiano;38955
Jalisco;Tapalpa;21245
Jalisco;Tecalitlán;16705
Jalisco;Techaluta de Montenegro;4072
Jalisco;Tecolotlán;16603
Jalisco;Tenamaxtlán;7302
Jalisco;Teocaltiche;39839
Jalisco;Teocuitatlán de Corona;11039
Jalisco;Tepatitlán de Morelos;150190
Jalisco;Tequila;44353
Jalisco;Teuchitlán;9647
Jalisco;Tizapán el Alto;22758
Jalisco;Tlajomulco de Zúñiga;727750
Jalisco;San Pedro Tlaquepaque;687127
Jalisco;Tolimán;11219
Jalisco;Tomatlán;36316
Jalisco;Tonalá;569913
Jalisco;Tonaya;5961
Jalisco;Tonila;7565
Jalisco;Totatiche;4180
Jalisco;Tototlán;23573
Jalisco;Tuxcacuesco;5482
Jalisco;Tuxcueca;6702
Jalisco;Tuxpan;37518
Jalisco;Unión de San Antonio;19069
Jalisco;Unión de Tula;13799
Jalisco;Valle de Guadalupe;6627
Jalisco;Valle de Juárez;6151
Jalisco;San Gabriel;16548
Jalisco;Villa Corona;19063
Jalisco;Villa Guerrero;5525
Jalisco;Villa Hidalgo;20088
Jalisco;Cañadas de Obregón;4388
Jalisco;Yahualica de González Gallo;22394
Jalisco;Zacoalco de Torres;30472
Jalisco;Zapopan;1476491
Jalisco;Zapotiltic;33713
Jalisco;Zapotitlán de Vadillo;7466
Jalisco;Zapotlán del Rey;19279
Jalisco;Zapotlanejo;64806
Jalisco;San Ignacio Cerro Gordo;18341
México;Acambay de Ruíz Castañeda;67872
México;Acolman;171507
México;Aculco;49266
México;Almoloya de Alquisiras;15333
México;Almoloya de Juárez;174587
México;Almoloya del Río;12694
México;Amanalco;23675
México;Amatepec;25244
México;Amecameca;53441
México;Apaxco;31898
México;Atenco;75489
México;Atizapán;12984
México;Atizapán de Zaragoza;523674
México;Atlacomulco;109384
México;Atlautla;31900
México;Axapusco;29128
México;Ayapango;10053
México;Calimaya;68489
México;Capulhuac;36921
México;Coacalco de Berriozábal;293444
México;Coatepec Harinas;38643
México;Cocotitlán;15107
México;Coyotepec;40885
México;Cuautitlán;178847
México;Chalco;400057
México;Chapa de Mota;31737
México;Chapultepec;12772
México;Chiautla;30045
México;Chicoloapan;200750
México;Chiconcuac;27692
México;Chimalhuacán;705193
México;Donato Guerra;37436
México;Ecatepec de Morelos;1645352
México;Ecatzingo;10827
México;Huehuetoca;163244
México;Hueypoxtla;46757
México;Huixquilucan;284965
México;Isidro Fabela;11929
México;Ixtapaluca;542211
México;Ixtapan de la Sal;36911
México;Ixtapan del Oro;6475
México;Ixtlahuaca;160139
México;Xalatlaco;30687
México;Jaltenco;28217
México;Jilotepec;87671
México;Jilotzingo;19877
México;Jiquipilco;76826
México;Jocotitlán;69264
México;Joquicingo;15428
México;Juchitepec;27116
México;Lerma;170327
México;Malinalco;28155
México;Melchor Ocampo;61220
México;Metepec;242307
México;Mexicaltzingo;13807
México;Morelos;33164
México;Naucalpan de Juárez;834434
México;Nezahualcóyotl;1077208
México;Nextlalpan;57082
México;Nicolás Romero;430601
México;Nopaltepec;10351
México;Ocoyoacac;72103
México;Ocuilan;36223
México;El Oro;36937
México;Otumba;36331
México;Otzoloapan;4891
México;Otzolotepec;88783
México;Ozumba;30785
México;Papalotla;4862
México;La Paz;304088
México;Polotitlán;14985
México;Rayón;15972
México;San Antonio la Isla;31962
México;San Felipe del Progreso;144924
México;San Martín de las Pirámides;29182
México;San Mateo Atenco;97418
México;San Simón de Guerrero;6692
México;Santo Tomás;9729
México;Soyaniquilpan de Juárez;14323
México;Sultepec;24145
México;Tecámac;547503
México;Tejupilco;79282
México;Temamatla;14130
México;Temascalapa;43593
México;Temascalcingo;66414
México;Temascaltepec;35014
México;Temoaya;105766
México;Tenancingo;104677
México;Tenango del Aire;11359
México;Tenango del Valle;90518
México;Teoloyucan;65459
México;Teotihuacán;58507
México;Tepetlaoxtoc;32564
México;Tepetlixpa;20500
México;Tepotzotlán;103696
México;Tequixquiac;39489
México;Texcaltitlán;18482
México;Texcalyacac;5736
México;Texcoco;277562
México;Tezoyuca;47044
México;Tianguistenco;84259
México;Timilpan;16414
México;Tlalmanalco;49196
México;Tlalnepantla de Baz;672202
México;Tlatlaya;31762
México;Toluca;910608
México;Tonatico;12912
México;Tultepec;157645
México;Tultitlán;516341
México;Valle de Bravo;61590
México;Villa de Allende;53275
México;Villa del Carbón;51498
México;Villa Guerrero;69086
México;Villa Victoria;108196
México;Xonacatlán;54633
México;Zacazonapan;5109
México;Zacualpan;13522
México;Zinacantepec;203872
México;Zumpahuacán;18833
México;Zumpango;280455
México;Cuautitlán Izcalli;555163
México;Valle de Chalco Solidaridad;391731
México;Luvianos;28822
México;San José del Rincón;100082
México;Tonanitla;14883
Michoacán de Ocampo;Acuitzio;11301
Michoacán de Ocampo;Aguililla;14754
Michoacán de Ocampo;Álvaro Obregón;23000
Michoacán de Ocampo;Angamacutiro;14943
Michoacán de Ocampo;Angangueo;10892
Michoacán de Ocampo;Apatzingán;126191
Michoacán de Ocampo;Aporo;3529
Michoacán de Ocampo;Aquila;24676
Michoacán de Ocampo;Ario;36268
Michoacán de Ocampo;Arteaga;20332
Michoacán de Ocampo;Briseñas;11681
Michoacán de Ocampo;Buenavista;45538
Michoacán de Ocampo;Carácuaro;9176
Michoacán de Ocampo;Coahuayana;17022
Michoacán de Ocampo;Coalcomán de Vázquez Pallares;19633
Michoacán de Ocampo;Coeneo;20965
Michoacán de Ocampo;Contepec;35070
Michoacán de Ocampo;Copándaro;9484
Michoacán de Ocampo;Cotija;20198
Michoacán de Ocampo;Cuitzeo;29910
Michoacán de Ocampo;Charapan;13539
Michoacán de Ocampo;Charo;25138
Michoacán de Ocampo;Chavinda;10417
Michoacán de Ocampo;Cherán;20586
Michoacán de Ocampo;Chilchota;40560
Michoacán de Ocampo;Chinicuila;4773
Michoacán de Ocampo;Chucándiro;4944
Michoacán de Ocampo;Churintzio;5233
Michoacán de Ocampo;Churumuco;12342
Michoacán de Ocampo;Ecuandureo;11850
Michoacán de Ocampo;Epitacio Huerta;16112
Michoacán de Ocampo;Erongarícuaro;15715
Michoacán de Ocampo;Gabriel Zamora;21466
Michoacán de Ocampo;Hidalgo;125712
Michoacán de Ocampo;La Huacana;30627
Michoacán de Ocampo;Huandacareo;11644
Michoacán de Ocampo;Huaniqueo;7945
Michoacán de Ocampo;Huetamo;41973
Michoacán de Ocampo;Huiramba;9015
Michoacán de Ocampo;Indaparapeo;18385
Michoacán de Ocampo;Irimbo;16043
Michoacán de Ocampo;Ixtlán;14302
Michoacán de Ocampo;Jacona;68781
Michoacán de Ocampo;Jiménez;12946
Michoacán de Ocampo;Jiquilpan;36158
Michoacán de Ocampo;Juárez;14936
Michoacán de Ocampo;Jungapeo;19834
Michoacán de Ocampo;Lagunillas;5745
Michoacán de Ocampo;Madero;19086
Michoacán de Ocampo;Maravatío;89311
Michoacán de Ocampo;Marcos Castellanos;13983
Michoacán de Ocampo;Lázaro Cárdenas;196003
Michoacán de Ocampo;Morelia;849053
Michoacán de Ocampo;Morelos;7983
Michoacán de Ocampo;Múgica;45732
Michoacán de Ocampo;Nahuatzen;32598
Michoacán de Ocampo;Nocupétaro;8196
Michoacán de Ocampo;Nuevo Parangaricutiro;20981
Michoacán de Ocampo;Nuevo Urecho;9027
Michoacán de Ocampo;Numarán;9437
Michoacán de Ocampo;Ocampo;24774
Michoacán de Ocampo;Pajacuarán;21028
Michoacán de Ocampo;Panindícuaro;14889
Michoacán de Ocampo;Parácuaro;26832
Michoacán de Ocampo;Paracho;39657
Michoacán de Ocampo;Pátzcuaro;98382
Michoacán de Ocampo;Penjamillo;16621
Michoacán de Ocampo;Peribán;29389
Michoacán de Ocampo;La Piedad;106490
Michoacán de Ocampo;Purépero;15503
Michoacán de Ocampo;Puruándiro;69260
Michoacán de Ocampo;Queréndaro;13961
Michoacán de Ocampo;Quiroga;27176
Michoacán de Ocampo;Cojumatlán de Régules;10553
Michoacán de Ocampo;Los Reyes;78935
Michoacán de Ocampo;Sahuayo;78477
Michoacán de Ocampo;San Lucas;17677
Michoacán de Ocampo;Santa Ana Maya;12812
Michoacán de Ocampo;Salvador Escalante;49896
Michoacán de Ocampo;Senguio;19833
Michoacán de Ocampo;Susupuato;9076
Michoacán de Ocampo;Tacámbaro;79540
Michoacán de Ocampo;Tancítaro;33453
Michoacán de Ocampo;Tangamandapio;31716
Michoacán de Ocampo;Tangancícuaro;35256
Michoacán de Ocampo;Tanhuato;15534
Michoacán de Ocampo;Taretan;15589
Michoacán de Ocampo;Tarímbaro;114513
Michoacán de Ocampo;Tepalcatepec;24074
Michoacán de Ocampo;Tingambato;16325
Michoacán de Ocampo;Tingüindín;14934
Michoacán de Ocampo;Tiquicheo de Nicolás Romero;12836
Michoacán de Ocampo;Tlalpujahua;28556
Michoacán de Ocampo;Tlazazalca;6420
Michoacán de Ocampo;Tocumbo;12325
Michoacán de Ocampo;Tumbiscatío;5971
Michoacán de Ocampo;Turicato;29056
Michoacán de Ocampo;Tuxpan;25757
Michoacán de Ocampo;Tuzantla;14329
Michoacán de Ocampo;Tzintzuntzan;14911
Michoacán de Ocampo;Tzitzio;8855
Michoacán de Ocampo;Uruapan;356786
Michoacán de Ocampo;Venustiano Carranza;23469
Michoacán de Ocampo;Villamar;15864
Michoacán de Ocampo;Vista Hermosa;20982
Michoacán de Ocampo;Yurécuaro;32303
Michoacán de Ocampo;Zacapu;76829
Michoacán de Ocampo;Zamora;204860
Michoacán de Ocampo;Zináparo;3232
Michoacán de Ocampo;Zinapécuaro;49005
Michoacán de Ocampo;Ziracuaretiro;18402
Michoacán de Ocampo;Zitácuaro;157056
Michoacán de Ocampo;José Sixto Verduzco;26213
Morelos;Amacuzac;17598
Morelos;Atlatlahucan;25232
Morelos;Axochiapan;39174
Morelos;Ayala;89834
Morelos;Coatlán del Río;10520
Morelos;Cuautla;187118
Morelos;Cuernavaca;378476
Morelos;Emiliano Zapata;107053
Morelos;Huitzilac;24515
Morelos;Jantetelco;18402
Morelos;Jiutepec;215357
Morelos;Jojutla;57682
Morelos;Jonacatepec de Leandro Valle;16694
Morelos;Mazatepec;9653
Morelos;Miacatlán;15802
Morelos;Ocuituco;19219
Morelos;Puente de Ixtla;40018
Morelos;Temixco;122263
Morelos;Tepalcingo;28122
Morelos;Tepoztlán;54987
Morelos;Tetecala;7617
Morelos;Tetela del Volcán;14853
Morelos;Tlalnepantla;7943
Morelos;Tlaltizapán de Zapata;52399
Morelos;Tlaquiltenango;33789
Morelos;Tlayacapan;19408
Morelos;Totolapan;12750
Morelos;Xochitepec;73539
Morelos;Yautepec;105780
Morelos;Yecapixtla;56083
Morelos;Zacatepec;36094
Morelos;Zacualpan de Amilpas;9965
Morelos;Temoac;16574
Morelos;Coatetelco;11347
Morelos;Xoxocotla;27805
Morelos;Hueyapan;7855
Nayarit;Acaponeta;37232
Nayarit;Ahuacatlán;15393
Nayarit;Amatlán de Cañas;11536
Nayarit;Compostela;77436
Nayarit;Huajicori;12230
Nayarit;Ixtlán del Río;29299
Nayarit;Jala;19321
Nayarit;Xalisco;65229
Nayarit;Del Nayar;47550
Nayarit;Rosamorada;33567
Nayarit;Ruíz;24096
Nayarit;San Blas;41518
Nayarit;San Pedro Lagunillas;7683
Nayarit;Santa María del Oro;24911
Nayarit;Santiago Ixcuintla;93981
Nayarit;Tecuala;37135
Nayarit;Tepic;425924
Nayarit;Tuxpan;30064
Nayarit;La Yesca;13719
Nayarit;Bahía de Banderas;187632
Nuevo León;Abasolo;2974
Nuevo León;Agualeguas;3382
Nuevo León;Los Aldamas;1407
Nuevo León;Allende;35289
Nuevo León;Anáhuac;18030
Nuevo León;Apodaca;656464
Nuevo León;Aramberri;14992
Nuevo León;Bustamante;3661
Nuevo León;Cadereyta Jiménez;122337
Nuevo León;El Carmen;104478
Nuevo León;Cerralvo;7340
Nuevo León;Ciénega de Flores;68747
Nuevo León;China;9930
Nuevo León;Doctor Arroyo;36088
Nuevo León;Doctor Coss;1360
Nuevo León;Doctor González;3256
Nuevo León;Galeana;40903
Nuevo León;García;397205
Nuevo León;San Pedro Garza García;132169
Nuevo León;General Bravo;5506
Nuevo León;General Escobedo;481213
Nuevo León;General Terán;14109
Nuevo León;General Treviño;1808
Nuevo León;General Zaragoza;6282
Nuevo León;General Zuazua;102149
Nuevo León;Guadalupe;643143
Nuevo León;Los Herreras;1959
Nuevo León;Higueras;1386
Nuevo León;Hualahuises;7026
Nuevo León;Iturbide;3298
Nuevo León;Juárez;471523
Nuevo León;Lampazos de Naranjo;5351
Nuevo León;Linares;84666
Nuevo León;Marín;5119
Nuevo León;Melchor Ocampo;1483
Nuevo León;Mier y Noriega;7652
Nuevo León;Mina;6048
Nuevo León;Montemorelos;67428
Nuevo León;Monterrey;1142994
Nuevo León;Parás;906
Nuevo León;Pesquería;147624
Nuevo León;Los Ramones;5389
Nuevo León;Rayones;2377
Nuevo León;Sabinas Hidalgo;34709
Nuevo León;Salinas Victoria;86766
Nuevo León;San Nicolás de los Garza;412199
Nuevo León;Hidalgo;16086
Nuevo León;Santa Catarina;306322
Nuevo León;Santiago;46784
Nuevo León;Vallecillo;1552
Nuevo León;Villaldama;3573
Oaxaca;Abejones;841
Oaxaca;Acatlán de Pérez Figueroa;45167
Oaxaca;Asunción Cacalotepec;2547
Oaxaca;Asunción Cuyotepeji;1107
Oaxaca;Asunción Ixtaltepec;15261
Oaxaca;Asunción Nochixtlán;20464
Oaxaca;Asunción Ocotlán;2395
Oaxaca;Asunción Tlacolulita;734
Oaxaca;Ayotzintepec;6857
Oaxaca;El Barrio de la Soledad;13474
Oaxaca;Calihualá;1402
Oaxaca;Candelaria Loxicha;11166
Oaxaca;Ciénega de Zimatlán;3043
Oaxaca;Ciudad Ixtepec;28082
Oaxaca;Coatecas Altas;5356
Oaxaca;Coicoyán de las Flores;9563
Oaxaca;La Compañía;3607
Oaxaca;Concepción Buenavista;752
Oaxaca;Concepción Pápalo;2754
Oaxaca;Constancia del Rosario;4847
Oaxaca;Cosolapa;14488
Oaxaca;Cosoltepec;803
Oaxaca;Cuilápam de Guerrero;26882
Oaxaca;Cuyamecalco Villa de Zaragoza;3644
Oaxaca;Chahuites;11356
Oaxaca;Chalcatongo de Hidalgo;9035
Oaxaca;Chiquihuitlán de Benito Juárez;2179
Oaxaca;Heroica Ciudad de Ejutla de Crespo;23148
Oaxaca;Eloxochitlán de Flores Magón;4215
Oaxaca;El Espinal;8730
Oaxaca;Tamazulápam del Espíritu Santo;7185
Oaxaca;Fresnillo de Trujano;1077
Oaxaca;Guadalupe Etla;2929
Oaxaca;Guadalupe de Ramírez;1288
Oaxaca;Guelatao de Juárez;657
Oaxaca;Guevea de Humboldt;5256
Oaxaca;Mesones Hidalgo;4424
Oaxaca;Villa Hidalgo;1885
Oaxaca;Heroica Ciudad de Huajuapan de León;78313
Oaxaca;Huautepec;6385
Oaxaca;Huautla de Jiménez;31710
Oaxaca;Ixtlán de Juárez;8385
Oaxaca;Juchitán de Zaragoza;113570
Oaxaca;Loma Bonita;40934
Oaxaca;Magdalena Apasco;7888
Oaxaca;Magdalena Jaltepec;2943
Oaxaca;Santa Magdalena Jicotlán;81
Oaxaca;Magdalena Mixtepec;1433
Oaxaca;Magdalena Ocotlán;1184
Oaxaca;Magdalena Peñasco;3750
Oaxaca;Magdalena Teitipac;4764
Oaxaca;Magdalena Tequisistlán;5996
Oaxaca;Magdalena Tlacotepec;1297
Oaxaca;Magdalena Zahuatlán;404
Oaxaca;Mariscala de Juárez;3739
Oaxaca;Mártires de Tacubaya;1446
Oaxaca;Matías Romero Avendaño;38183
Oaxaca;Mazatlán Villa de Flores;12722
Oaxaca;Miahuatlán de Porfirio Díaz;50375
Oaxaca;Mixistlán de la Reforma;2487
Oaxaca;Monjas;2893
Oaxaca;Natividad;498
Oaxaca;Nazareno Etla;4293
Oaxaca;Nejapa de Madero;8494
Oaxaca;Ixpantepec Nieves;1079
Oaxaca;Santiago Niltepec;5342
Oaxaca;Oaxaca de Juárez;270955
Oaxaca;Ocotlán de Morelos;23751
Oaxaca;La Pe;3052
Oaxaca;Pinotepa de Don Luis;6416
Oaxaca;Pluma Hidalgo;3255
Oaxaca;San José del Progreso;8059
Oaxaca;Putla Villa de Guerrero;34652
Oaxaca;Santa Catarina Quioquitani;456
Oaxaca;Reforma de Pineda;2660
Oaxaca;La Reforma;3411
Oaxaca;Reyes Etla;4370
Oaxaca;Rojas de Cuauhtémoc;1301
Oaxaca;Salina Cruz;84438
Oaxaca;San Agustín Amatengo;1593
Oaxaca;San Agustín Atenango;1871
Oaxaca;San Agustín Chayuco;4163
Oaxaca;San Agustín de las Juntas;11391
Oaxaca;San Agustín Etla;4168
Oaxaca;San Agustín Loxicha;26194
Oaxaca;San Agustín Tlacotepec;1032
Oaxaca;San Agustín Yatareni;5521
Oaxaca;San Andrés Cabecera Nueva;2881
Oaxaca;San Andrés Dinicuiti;2308
Oaxaca;San Andrés Huaxpaltepec;6234
Oaxaca;San Andrés Huayápam;6279
Oaxaca;San Andrés Ixtlahuaca;1776
Oaxaca;San Andrés Lagunas;518
Oaxaca;San Andrés Nuxiño;1850
Oaxaca;San Andrés Paxtlán;4562
Oaxaca;San Andrés Sinaxtla;756
Oaxaca;San Andrés Solaga;1771
Oaxaca;San Andrés Teotilálpam;4233
Oaxaca;San Andrés Tepetlapa;381
Oaxaca;San Andrés Yaá;393
Oaxaca;San Andrés Zabache;748
Oaxaca;San Andrés Zautla;5326
Oaxaca;San Antonino Castillo Velasco;6064
Oaxaca;San Antonino el Alto;2705
Oaxaca;San Antonino Monte Verde;7678
Oaxaca;San Antonio Acutla;249
Oaxaca;San Antonio de la Cal;26282
Oaxaca;San Antonio Huitepec;2936
Oaxaca;San Antonio Nanahuatípam;1232
Oaxaca;San Antonio Sinicahua;1668
Oaxaca;San Antonio Tepetlapa;4873
Oaxaca;San Baltazar Chichicápam;2576
Oaxaca;San Baltazar Loxicha;3169
Oaxaca;San Baltazar Yatzachi el Bajo;674
Oaxaca;San Bartolo Coyotepec;10391
Oaxaca;San Bartolomé Ayautla;4131
Oaxaca;San Bartolomé Loxicha;2213
Oaxaca;San Bartolomé Quialana;2389
Oaxaca;San Bartolomé Yucuañe;735
Oaxaca;San Bartolomé Zoogocho;449
Oaxaca;San Bartolo Soyaltepec;596
Oaxaca;San Bartolo Yautepec;653
Oaxaca;San Bernardo Mixtepec;2829
Oaxaca;San Blas Atempa;19696
Oaxaca;San Carlos Yautepec;11662
Oaxaca;San Cristóbal Amatlán;5396
Oaxaca;San Cristóbal Amoltepec;1252
Oaxaca;San Cristóbal Lachirioag;1342
Oaxaca;San Cristóbal Suchixtlahuaca;356
Oaxaca;San Dionisio del Mar;5180
Oaxaca;San Dionisio Ocotepec;11411
Oaxaca;San Dionisio Ocotlán;1380
Oaxaca;San Esteban Atatlahuca;3934
Oaxaca;San Felipe Jalapa de Díaz;28500
Oaxaca;San Felipe Tejalápam;8231
Oaxaca;San Felipe Usila;12191
Oaxaca;San Francisco Cahuacuá;3450
Oaxaca;San Francisco Cajonos;451
Oaxaca;San Francisco Chapulapa;2195
Oaxaca;San Francisco Chindúa;812
Oaxaca;San Francisco del Mar;8710
Oaxaca;San Francisco Huehuetlán;842
Oaxaca;San Francisco Ixhuatán;9461
Oaxaca;San Francisco Jaltepetongo;1075
Oaxaca;San Francisco Lachigoló;5215
Oaxaca;San Francisco Logueche;2803
Oaxaca;San Francisco Nuxaño;376
Oaxaca;San Francisco Ozolotepec;2182
Oaxaca;San Francisco Sola;2019
Oaxaca;San Francisco Telixtlahuaca;13856
Oaxaca;San Francisco Teopan;312
Oaxaca;San Francisco Tlapancingo;2472
Oaxaca;San Gabriel Mixtepec;4910
Oaxaca;San Ildefonso Amatlán;2329
Oaxaca;San Ildefonso Sola;1060
Oaxaca;San Ildefonso Villa Alta;3677
Oaxaca;San Jacinto Amilpas;16827
Oaxaca;San Jacinto Tlacotepec;2233
Oaxaca;San Jerónimo Coatlán;5537
Oaxaca;San Jerónimo Silacayoapilla;1429
Oaxaca;San Jerónimo Sosola;2730
Oaxaca;San Jerónimo Taviche;2046
Oaxaca;San Jerónimo Tecóatl;1577
Oaxaca;San Jorge Nuchita;2881
Oaxaca;San José Ayuquila;1629
Oaxaca;San José Chiltepec;11310
Oaxaca;San José del Peñasco;2149
Oaxaca;San José Estancia Grande;938
Oaxaca;San José Independencia;4251
Oaxaca;San José Lachiguiri;3700
Oaxaca;San José Tenango;18102
Oaxaca;San Juan Achiutla;408
Oaxaca;San Juan Atepec;1457
Oaxaca;Ánimas Trujano;4564
Oaxaca;San Juan Bautista Atatlahuca;1424
Oaxaca;San Juan Bautista Coixtlahuaca;2725
Oaxaca;San Juan Bautista Cuicatlán;10365
Oaxaca;San Juan Bautista Guelache;6692
Oaxaca;San Juan Bautista Jayacatlán;1447
Oaxaca;San Juan Bautista Lo de Soto;2344
Oaxaca;San Juan Bautista Suchitepec;453
Oaxaca;San Juan Bautista Tlacoatzintepec;2181
Oaxaca;San Juan Bautista Tlachichilco;1475
Oaxaca;San Juan Bautista Tuxtepec;159452
Oaxaca;San Juan Cacahuatepec;8939
Oaxaca;San Juan Cieneguilla;524
Oaxaca;San Juan Coatzóspam;1808
Oaxaca;San Juan Colorado;9609
Oaxaca;San Juan Comaltepec;3116
Oaxaca;San Juan Cotzocón;22444
Oaxaca;San Juan Chicomezúchil;296
Oaxaca;San Juan Chilateca;1522
Oaxaca;San Juan del Estado;2807
Oaxaca;San Juan del Río;1372
Oaxaca;San Juan Diuxi;1056
Oaxaca;San Juan Evangelista Analco;407
Oaxaca;San Juan Guelavía;3288
Oaxaca;San Juan Guichicovi;29802
Oaxaca;San Juan Ihualtepec;494
Oaxaca;San Juan Juquila Mixes;3703
Oaxaca;San Juan Juquila Vijanos;1880
Oaxaca;San Juan Lachao;4577
Oaxaca;San Juan Lachigalla;3538
Oaxaca;San Juan Lajarcia;634
Oaxaca;San Juan Lalana;16989
Oaxaca;San Juan de los Cués;2421
Oaxaca;San Juan Mazatlán;19032
Oaxaca;San Juan Mixtepec;6941
Oaxaca;San Juan Mixtepec.;607
Oaxaca;San Juan Ñumí;5773
Oaxaca;San Juan Ozolotepec;3411
Oaxaca;San Juan Petlapa;3117
Oaxaca;San Juan Quiahije;4203
Oaxaca;San Juan Quiotepec;2033
Oaxaca;San Juan Sayultepec;879
Oaxaca;San Juan Tabaá;1241
Oaxaca;San Juan Tamazola;3325
Oaxaca;San Juan Teita;544
Oaxaca;San Juan Teitipac;2668
Oaxaca;San Juan Tepeuxila;2692
Oaxaca;San Juan Teposcolula;1494
Oaxaca;San Juan Yaeé;1426
Oaxaca;San Juan Yatzona;440
Oaxaca;San Juan Yucuita;643
Oaxaca;San Lorenzo;5903
Oaxaca;San Lorenzo Albarradas;2971
Oaxaca;San Lorenzo Cacaotepec;18339
Oaxaca;San Lorenzo Cuaunecuiltitla;833
Oaxaca;San Lorenzo Texmelúcan;9148
Oaxaca;San Lorenzo Victoria;932
Oaxaca;San Lucas Camotlán;3187
Oaxaca;San Lucas Ojitlán;22185
Oaxaca;San Lucas Quiaviní;1720
Oaxaca;San Lucas Zoquiápam;7163
Oaxaca;San Luis Amatlán;3829
Oaxaca;San Marcial Ozolotepec;1372
Oaxaca;San Marcos Arteaga;1568
Oaxaca;San Martín de los Cansecos;994
Oaxaca;San Martín Huamelúlpam;1000
Oaxaca;San Martín Itunyoso;2749
Oaxaca;San Martín Lachilá;1034
Oaxaca;San Martín Peras;12436
Oaxaca;San Martín Tilcajete;1975
Oaxaca;San Martín Toxpalan;3934
Oaxaca;San Martín Zacatepec;1324
Oaxaca;San Mateo Cajonos;611
Oaxaca;Capulálpam de Méndez;1619
Oaxaca;San Mateo del Mar;15571
Oaxaca;San Mateo Yoloxochitlán;3831
Oaxaca;San Mateo Etlatongo;1239
Oaxaca;San Mateo Nejápam;1217
Oaxaca;San Mateo Peñasco;2384
Oaxaca;San Mateo Piñas;2021
Oaxaca;San Mateo Río Hondo;3207
Oaxaca;San Mateo Sindihui;1977
Oaxaca;San Mateo Tlapiltepec;229
Oaxaca;San Melchor Betaza;1052
Oaxaca;San Miguel Achiutla;698
Oaxaca;San Miguel Ahuehuetitlán;2142
Oaxaca;San Miguel Aloápam;2191
Oaxaca;San Miguel Amatitlán;6932
Oaxaca;San Miguel Amatlán;991
Oaxaca;San Miguel Coatlán;3184
Oaxaca;San Miguel Chicahua;2169
Oaxaca;San Miguel Chimalapa;6711
Oaxaca;San Miguel del Puerto;8551
Oaxaca;San Miguel del Río;245
Oaxaca;San Miguel Ejutla;1149
Oaxaca;San Miguel el Grande;4313
Oaxaca;San Miguel Huautla;1311
Oaxaca;San Miguel Mixtepec;3194
Oaxaca;San Miguel Panixtlahuaca;6252
Oaxaca;San Miguel Peras;3818
Oaxaca;San Miguel Piedras;1328
Oaxaca;San Miguel Quetzaltepec;7286
Oaxaca;San Miguel Santa Flor;691
Oaxaca;Villa Sola de Vega;12350
Oaxaca;San Miguel Soyaltepec;38682
Oaxaca;San Miguel Suchixtepec;2932
Oaxaca;Villa Talea de Castro;2011
Oaxaca;San Miguel Tecomatlán;305
Oaxaca;San Miguel Tenango;653
Oaxaca;San Miguel Tequixtepec;1044
Oaxaca;San Miguel Tilquiápam;3141
Oaxaca;San Miguel Tlacamama;3668
Oaxaca;San Miguel Tlacotepec;3100
Oaxaca;San Miguel Tulancingo;307
Oaxaca;San Miguel Yotao;585
Oaxaca;San Nicolás;1214
Oaxaca;San Nicolás Hidalgo;1043
Oaxaca;San Pablo Coatlán;4308
Oaxaca;San Pablo Cuatro Venados;1510
Oaxaca;San Pablo Etla;17116
Oaxaca;San Pablo Huitzo;7035
Oaxaca;San Pablo Huixtepec;10020
Oaxaca;San Pablo Macuiltianguis;955
Oaxaca;San Pablo Tijaltepec;2751
Oaxaca;San Pablo Villa de Mitla;13587
Oaxaca;San Pablo Yaganiza;1125
Oaxaca;San Pedro Amuzgos;6632
Oaxaca;San Pedro Apóstol;1594
Oaxaca;San Pedro Atoyac;4559
Oaxaca;San Pedro Cajonos;1081
Oaxaca;San Pedro Coxcaltepec Cántaros;716
Oaxaca;San Pedro Comitancillo;4333
Oaxaca;San Pedro el Alto;4654
Oaxaca;San Pedro Huamelula;9735
Oaxaca;San Pedro Huilotepec;3307
Oaxaca;San Pedro Ixcatlán;10368
Oaxaca;San Pedro Ixtlahuaca;14552
Oaxaca;San Pedro Jaltepetongo;483
Oaxaca;San Pedro Jicayán;11279
Oaxaca;San Pedro Jocotipac;730
Oaxaca;San Pedro Juchatengo;1755
Oaxaca;San Pedro Mártir;1899
Oaxaca;San Pedro Mártir Quiechapa;738
Oaxaca;San Pedro Mártir Yucuxaco;1257
Oaxaca;San Pedro Mixtepec;49780
Oaxaca;San Pedro Mixtepec;972
Oaxaca;San Pedro Molinos;706
Oaxaca;San Pedro Nopala;751
Oaxaca;San Pedro Ocopetatillo;786
Oaxaca;San Pedro Ocotepec;2404
Oaxaca;San Pedro Pochutla;48204
Oaxaca;San Pedro Quiatoni;11930
Oaxaca;San Pedro Sochiápam;5052
Oaxaca;San Pedro Tapanatepec;15479
Oaxaca;San Pedro Taviche;1441
Oaxaca;San Pedro Teozacoalco;1153
Oaxaca;San Pedro Teutila;4296
Oaxaca;San Pedro Tidaá;982
Oaxaca;San Pedro Topiltepec;373
Oaxaca;San Pedro Totolápam;3294
Oaxaca;Villa de Tututepec;50541
Oaxaca;San Pedro Yaneri;867
Oaxaca;San Pedro Yólox;1697
Oaxaca;San Pedro y San Pablo Ayutla;5616
Oaxaca;Villa de Etla;10361
Oaxaca;San Pedro y San Pablo Teposcolula;4353
Oaxaca;San Pedro y San Pablo Tequixtepec;1747
Oaxaca;San Pedro Yucunama;241
Oaxaca;San Raymundo Jalpan;4105
Oaxaca;San Sebastián Abasolo;1999
Oaxaca;San Sebastián Coatlán;2809
Oaxaca;San Sebastián Ixcapa;4188
Oaxaca;San Sebastián Nicananduta;1542
Oaxaca;San Sebastián Río Hondo;4202
Oaxaca;San Sebastián Tecomaxtlahuaca;8192
Oaxaca;San Sebastián Teitipac;2189
Oaxaca;San Sebastián Tutla;16878
Oaxaca;San Simón Almolongas;2802
Oaxaca;San Simón Zahuatlán;4940
Oaxaca;Santa Ana;2406
Oaxaca;Santa Ana Ateixtlahuaca;477
Oaxaca;Santa Ana Cuauhtémoc;681
Oaxaca;Santa Ana del Valle;2179
Oaxaca;Santa Ana Tavela;848
Oaxaca;Santa Ana Tlapacoyan;1958
Oaxaca;Santa Ana Yareni;637
Oaxaca;Santa Ana Zegache;3981
Oaxaca;Santa Catalina Quierí;825
Oaxaca;Santa Catarina Cuixtla;1495
Oaxaca;Santa Catarina Ixtepeji;2675
Oaxaca;Santa Catarina Juquila;18654
Oaxaca;Santa Catarina Lachatao;1059
Oaxaca;Santa Catarina Loxicha;3676
Oaxaca;Santa Catarina Mechoacán;4582
Oaxaca;Santa Catarina Minas;2067
Oaxaca;Santa Catarina Quiané;2193
Oaxaca;Santa Catarina Tayata;662
Oaxaca;Santa Catarina Ticuá;986
Oaxaca;Santa Catarina Yosonotú;1316
Oaxaca;Santa Catarina Zapoquila;403
Oaxaca;Santa Cruz Acatepec;1645
Oaxaca;Santa Cruz Amilpas;13200
Oaxaca;Santa Cruz de Bravo;365
Oaxaca;Santa Cruz Itundujia;10860
Oaxaca;Santa Cruz Mixtepec;3720
Oaxaca;Santa Cruz Nundaco;2951
Oaxaca;Santa Cruz Papalutla;2242
Oaxaca;Santa Cruz Tacache de Mina;2940
Oaxaca;Santa Cruz Tacahua;1182
Oaxaca;Santa Cruz Tayata;595
Oaxaca;Santa Cruz Xitla;4794
Oaxaca;Santa Cruz Xoxocotlán;100402
Oaxaca;Santa Cruz Zenzontepec;19079
Oaxaca;Santa Gertrudis;2891
Oaxaca;Santa Inés del Monte;2809
Oaxaca;Santa Inés Yatzeche;908
Oaxaca;Santa Lucía del Camino;50362
Oaxaca;Santa Lucía Miahuatlán;3375
Oaxaca;Santa Lucía Monteverde;6726
Oaxaca;Santa Lucía Ocotlán;4173
Oaxaca;Santa María Alotepec;2796
Oaxaca;Santa María Apazco;1629
Oaxaca;Santa María la Asunción;3259
Oaxaca;Heroica Ciudad de Tlaxiaco;40123
Oaxaca;Ayoquezco de Aldama;4874
Oaxaca;Santa María Atzompa;41921
Oaxaca;Santa María Camotlán;1713
Oaxaca;Santa María Colotepec;27046
Oaxaca;Santa María Cortijo;1067
Oaxaca;Santa María Coyotepec;3751
Oaxaca;Santa María Chachoápam;761
Oaxaca;Villa de Chilapa de Díaz;1815
Oaxaca;Santa María Chilchotla;21469
Oaxaca;Santa María Chimalapa;9578
Oaxaca;Santa María del Rosario;499
Oaxaca;Santa María del Tule;8939
Oaxaca;Santa María Ecatepec;3418
Oaxaca;Santa María Guelacé;908
Oaxaca;Santa María Guienagati;3178
Oaxaca;Santa María Huatulco;50862
Oaxaca;Santa María Huazolotitlán;11995
Oaxaca;Santa María Ipalapa;4878
Oaxaca;Santa María Ixcatlán;461
Oaxaca;Santa María Jacatepec;9682
Oaxaca;Santa María Jalapa del Marqués;11735
Oaxaca;Santa María Jaltianguis;592
Oaxaca;Santa María Lachixío;1679
Oaxaca;Santa María Mixtequilla;4690
Oaxaca;Santa María Nativitas;603
Oaxaca;Santa María Nduayaco;453
Oaxaca;Santa María Ozolotepec;3793
Oaxaca;Santa María Pápalo;2058
Oaxaca;Santa María Peñoles;8967
Oaxaca;Santa María Petapa;16706
Oaxaca;Santa María Quiegolani;2224
Oaxaca;Santa María Sola;1516
Oaxaca;Santa María Tataltepec;317
Oaxaca;Santa María Tecomavaca;1830
Oaxaca;Santa María Temaxcalapa;903
Oaxaca;Santa María Temaxcaltepec;2694
Oaxaca;Santa María Teopoxco;3985
Oaxaca;Santa María Tepantlali;3576
Oaxaca;Santa María Texcatitlán;896
Oaxaca;Santa María Tlahuitoltepec;9653
Oaxaca;Santa María Tlalixtac;1839
Oaxaca;Santa María Tonameca;25347
Oaxaca;Santa María Totolapilla;812
Oaxaca;Santa María Xadani;9234
Oaxaca;Santa María Yalina;250
Oaxaca;Santa María Yavesía;434
Oaxaca;Santa María Yolotepec;481
Oaxaca;Santa María Yosoyúa;1699
Oaxaca;Santa María Yucuhiti;6008
Oaxaca;Santa María Zacatepec;17100
Oaxaca;Santa María Zaniza;2469
Oaxaca;Santa María Zoquitlán;3294
Oaxaca;Santiago Amoltepec;13855
Oaxaca;Santiago Apoala;1019
Oaxaca;Santiago Apóstol;4421
Oaxaca;Santiago Astata;3918
Oaxaca;Santiago Atitlán;3556
Oaxaca;Santiago Ayuquililla;2904
Oaxaca;Santiago Cacaloxtepec;1667
Oaxaca;Santiago Camotlán;3346
Oaxaca;Santiago Comaltepec;1157
Oaxaca;Villa de Santiago Chazumba;4877
Oaxaca;Santiago Choápam;5242
Oaxaca;Santiago del Río;527
Oaxaca;Santiago Huajolotitlán;4600
Oaxaca;Santiago Huauclilla;525
Oaxaca;Santiago Ihuitlán Plumas;341
Oaxaca;Santiago Ixcuintepec;1636
Oaxaca;Santiago Ixtayutla;13880
Oaxaca;Santiago Jamiltepec;19112
Oaxaca;Santiago Jocotepec;14198
Oaxaca;Santiago Juxtlahuaca;34735
Oaxaca;Santiago Lachiguiri;4394
Oaxaca;Santiago Lalopa;431
Oaxaca;Santiago Laollaga;3361
Oaxaca;Santiago Laxopa;1291
Oaxaca;Santiago Llano Grande;3440
Oaxaca;Santiago Matatlán;10175
Oaxaca;Santiago Miltepec;421
Oaxaca;Santiago Minas;1327
Oaxaca;Santiago Nacaltepec;1599
Oaxaca;Santiago Nejapilla;174
Oaxaca;Santiago Nundiche;1351
Oaxaca;Santiago Nuyoó;1898
Oaxaca;Santiago Pinotepa Nacional;55840
Oaxaca;Santiago Suchilquitongo;10886
Oaxaca;Santiago Tamazola;4458
Oaxaca;Santiago Tapextla;3134
Oaxaca;Villa Tejúpam de la Unión;2419
Oaxaca;Santiago Tenango;1966
Oaxaca;Santiago Tepetlapa;130
Oaxaca;Santiago Tetepec;4909
Oaxaca;Santiago Texcalcingo;2974
Oaxaca;Santiago Textitlán;4930
Oaxaca;Santiago Tilantongo;2764
Oaxaca;Santiago Tillo;545
Oaxaca;Santiago Tlazoyaltepec;6300
Oaxaca;Santiago Xanica;3029
Oaxaca;Santiago Xiacuí;1893
Oaxaca;Santiago Yaitepec;4233
Oaxaca;Santiago Yaveo;7593
Oaxaca;Santiago Yolomécatl;1922
Oaxaca;Santiago Yosondúa;7991
Oaxaca;Santiago Yucuyachi;998
Oaxaca;Santiago Zacatepec;5089
Oaxaca;Santiago Zoochila;425
Oaxaca;Nuevo Zoquiápam;1590
Oaxaca;Santo Domingo Ingenio;7681
Oaxaca;Santo Domingo Albarradas;798
Oaxaca;Santo Domingo Armenta;3155
Oaxaca;Santo Domingo Chihuitán;1618
Oaxaca;Santo Domingo de Morelos;11384
Oaxaca;Santo Domingo Ixcatlán;760
Oaxaca;Santo Domingo Nuxaá;3335
Oaxaca;Santo Domingo Ozolotepec;1101
Oaxaca;Santo Domingo Petapa;9027
Oaxaca;Santo Domingo Roayaga;941
Oaxaca;Santo Domingo Tehuantepec;67739
Oaxaca;Santo Domingo Teojomulco;5260
Oaxaca;Santo Domingo Tepuxtepec;6029
Oaxaca;Santo Domingo Tlatayápam;113
Oaxaca;Santo Domingo Tomaltepec;3386
Oaxaca;Santo Domingo Tonalá;7393
Oaxaca;Santo Domingo Tonaltepec;250
Oaxaca;Santo Domingo Xagacía;1205
Oaxaca;Santo Domingo Yanhuitlán;1633
Oaxaca;Santo Domingo Yodohino;327
Oaxaca;Santo Domingo Zanatepec;12483
Oaxaca;Santos Reyes Nopala;16688
Oaxaca;Santos Reyes Pápalo;2490
Oaxaca;Santos Reyes Tepejillo;904
Oaxaca;Santos Reyes Yucuná;1474
Oaxaca;Santo Tomás Jalieza;3923
Oaxaca;Santo Tomás Mazaltepec;2612
Oaxaca;Santo Tomás Ocotepec;4066
Oaxaca;Santo Tomás Tamazulapan;2726
Oaxaca;San Vicente Coatlán;3512
Oaxaca;San Vicente Lachixío;3227
Oaxaca;San Vicente Nuñú;449
Oaxaca;Silacayoápam;6710
Oaxaca;Sitio de Xitlapehua;713
Oaxaca;Soledad Etla;6348
Oaxaca;Villa de Tamazulápam del Progreso;8326
Oaxaca;Tanetze de Zaragoza;1558
Oaxaca;Taniche;887
Oaxaca;Tataltepec de Valdés;6386
Oaxaca;Teococuilco de Marcos Pérez;1032
Oaxaca;Teotitlán de Flores Magón;10099
Oaxaca;Teotitlán del Valle;6392
Oaxaca;Teotongo;1005
Oaxaca;Tepelmeme Villa de Morelos;1960
Oaxaca;Heroica Villa Tezoatlán de Segura y Luna, Cuna de la Independencia de Oaxaca;11465
Oaxaca;San Jerónimo Tlacochahuaya;5764
Oaxaca;Tlacolula de Matamoros;30254
Oaxaca;Tlacotepec Plumas;410
Oaxaca;Tlalixtac de Cabrera;12067
Oaxaca;Totontepec Villa de Morelos;5904
Oaxaca;Trinidad Zaachila;3419
Oaxaca;La Trinidad Vista Hermosa;306
Oaxaca;Unión Hidalgo;14542
Oaxaca;Valerio Trujano;1376
Oaxaca;San Juan Bautista Valle Nacional;23067
Oaxaca;Villa Díaz Ordaz;6467
Oaxaca;Yaxe;2954
Oaxaca;Magdalena Yodocono de Porfirio Díaz;1682
Oaxaca;Yogana;1245
Oaxaca;Yutanduchi de Guerrero;1195
Oaxaca;Villa de Zaachila;46464
Oaxaca;San Mateo Yucutindoo;3144
Oaxaca;Zapotitlán Lagunas;3382
Oaxaca;Zapotitlán Palmas;1695
Oaxaca;Santa Inés de Zaragoza;1454
Oaxaca;Zimatlán de Álvarez;22093
Puebla;Acajete;72894
Puebla;Acateno;9170
Puebla;Acatlán;37955
Puebla;Acatzingo;63743
Puebla;Acteopan;3070
Puebla;Ahuacatlán;14542
Puebla;Ahuatlán;3162
Puebla;Ahuazotepec;11439
Puebla;Ahuehuetitla;2207
Puebla;Ajalpan;74768
Puebla;Albino Zertuche;1885
Puebla;Aljojuca;6591
Puebla;Altepexi;22629
Puebla;Amixtlán;4812
Puebla;Amozoc;125876
Puebla;Aquixtla;9021
Puebla;Atempan;29742
Puebla;Atexcal;3859
Puebla;Atlixco;141793
Puebla;Atoyatempan;7704
Puebla;Atzala;1512
Puebla;Atzitzihuacán;12857
Puebla;Atzitzintla;9051
Puebla;Axutla;976
Puebla;Ayotoxco de Guerrero;8208
Puebla;Calpan;15271
Puebla;Caltepec;4128
Puebla;Camocuautla;2758
Puebla;Caxhuacan;3811
Puebla;Coatepec;772
Puebla;Coatzingo;2820
Puebla;Cohetzala;1382
Puebla;Cohuecan;5403
Puebla;Coronango;46836
Puebla;Coxcatlán;20653
Puebla;Coyomeapan;14806
Puebla;Coyotepec;2334
Puebla;Cuapiaxtla de Madero;10542
Puebla;Cuautempan;9837
Puebla;Cuautinchán;12340
Puebla;Cuautlancingo;137435
Puebla;Cuayuca de Andrade;3315
Puebla;Cuetzalan del Progreso;49864
Puebla;Cuyoaco;17139
Puebla;Chalchicomula de Sesma;47410
Puebla;Chapulco;8193
Puebla;Chiautla;21699
Puebla;Chiautzingo;22039
Puebla;Chiconcuautla;17382
Puebla;Chichiquila;26928
Puebla;Chietla;37030
Puebla;Chigmecatitlán;1215
Puebla;Chignahuapan;66464
Puebla;Chignautla;35223
Puebla;Chila;5082
Puebla;Chila de la Sal;1317
Puebla;Honey;6687
Puebla;Chilchotla;21002
Puebla;Chinantla;2846
Puebla;Domingo Arenas;7982
Puebla;Eloxochitlán;14461
Puebla;Epatlán;4943
Puebla;Esperanza;14766
Puebla;Francisco Z. Mena;17824
Puebla;General Felipe Ángeles;22694
Puebla;Guadalupe;6451
Puebla;Guadalupe Victoria;18784
Puebla;Hermenegildo Galeana;7011
Puebla;Huaquechula;29233
Puebla;Huatlatlauca;6111
Puebla;Huauchinango;103946
Puebla;Huehuetla;17082
Puebla;Huehuetlán el Chico;9760
Puebla;Huejotzingo;90794
Puebla;Hueyapan;13080
Puebla;Hueytamalco;27600
Puebla;Hueytlalpan;5951
Puebla;Huitzilan de Serdán;15928
Puebla;Huitziltepec;5782
Puebla;Atlequizayan;2633
Puebla;Ixcamilpa de Guerrero;4065
Puebla;Ixcaquixtla;8804
Puebla;Ixtacamaxtitlán;25319
Puebla;Ixtepec;6950
Puebla;Izúcar de Matamoros;82809
Puebla;Jalpan;12050
Puebla;Jolalpan;13308
Puebla;Jonotla;4457
Puebla;Jopala;12131
Puebla;Juan C. Bonilla;23783
Puebla;Juan Galindo;9828
Puebla;Juan N. Méndez;5293
Puebla;Lafragua;7650
Puebla;Libres;37257
Puebla;La Magdalena Tlatlauquitepec;650
Puebla;Mazapiltepec de Juárez;3176
Puebla;Mixtla;2668
Puebla;Molcaxac;6668
Puebla;Cañada Morelos;20659
Puebla;Naupan;9310
Puebla;Nauzontla;3317
Puebla;Nealtican;14075
Puebla;Nicolás Bravo;6644
Puebla;Nopalucan;32772
Puebla;Ocotepec;5077
Puebla;Ocoyucan;42669
Puebla;Olintla;11993
Puebla;Oriental;19903
Puebla;Pahuatlán;20274
Puebla;Palmar de Bravo;50226
Puebla;Pantepec;18528
Puebla;Petlalcingo;9350
Puebla;Piaxtla;4627
Puebla;Puebla;1692181
Puebla;Quecholac;57992
Puebla;Quimixtlán;22855
Puebla;Rafael Lara Grajales;15952
Puebla;Los Reyes de Juárez;30021
Puebla;San Andrés Cholula;154448
Puebla;San Antonio Cañada;5938
Puebla;San Diego la Mesa Tochimiltzingo;1270
Puebla;San Felipe Teotlalcingo;11063
Puebla;San Felipe Tepatlán;3793
Puebla;San Gabriel Chilac;15954
Puebla;San Gregorio Atzompa;9671
Puebla;San Jerónimo Tecuanipan;6597
Puebla;San Jerónimo Xayacatlán;3606
Puebla;San José Chiapa;10443
Puebla;San José Miahuatlán;14018
Puebla;San Juan Atenco;3604
Puebla;San Juan Atzompa;975
Puebla;San Martín Texmelucan;155738
Puebla;San Martín Totoltepec;692
Puebla;San Matías Tlalancaleca;20974
Puebla;San Miguel Ixitlán;526
Puebla;San Miguel Xoxtla;12461
Puebla;San Nicolás Buenos Aires;10464
Puebla;San Nicolás de los Ranchos;11780
Puebla;San Pablo Anicano;3759
Puebla;San Pedro Cholula;138433
Puebla;San Pedro Yeloixtlahuaca;3488
Puebla;San Salvador el Seco;30639
Puebla;San Salvador el Verde;34880
Puebla;San Salvador Huixcolotla;16790
Puebla;San Sebastián Tlacotepec;13189
Puebla;Santa Catarina Tlaltempan;749
Puebla;Santa Inés Ahuatempan;6341
Puebla;Santa Isabel Cholula;11498
Puebla;Santiago Miahuatlán;30309
Puebla;Huehuetlán el Grande;6105
Puebla;Santo Tomás Hueyotlipan;9315
Puebla;Soltepec;12631
Puebla;Tecali de Herrera;23625
Puebla;Tecamachalco;80771
Puebla;Tecomatlán;6830
Puebla;Tehuacán;327312
Puebla;Tehuitzingo;12672
Puebla;Tenampulco;6743
Puebla;Teopantlán;3836
Puebla;Teotlalco;3689
Puebla;Tepanco de López;22218
Puebla;Tepango de Rodríguez;4155
Puebla;Tepatlaxco de Hidalgo;18854
Puebla;Tepeaca;84270
Puebla;Tepemaxalco;1216
Puebla;Tepeojuma;8918
Puebla;Tepetzintla;10373
Puebla;Tepexco;7523
Puebla;Tepexi de Rodríguez;22331
Puebla;Tepeyahualco;19200
Puebla;Tepeyahualco de Cuauhtémoc;3851
Puebla;Tetela de Ocampo;27216
Puebla;Teteles de Ávila Castillo;6653
Puebla;Teziutlán;103583
Puebla;Tianguismanalco;14432
Puebla;Tilapa;9664
Puebla;Tlacotepec de Benito Juárez;54757
Puebla;Tlacuilotepec;15977
Puebla;Tlachichuca;31639
Puebla;Tlahuapan;41547
Puebla;Tlaltenango;7425
Puebla;Tlanepantla;5390
Puebla;Tlaola;20433
Puebla;Tlapacoya;6422
Puebla;Tlapanalá;10344
Puebla;Tlatlauquitepec;55576
Puebla;Tlaxco;4934
Puebla;Tochimilco;19315
Puebla;Tochtepec;22454
Puebla;Totoltepec de Guerrero;1187
Puebla;Tulcingo;9871
Puebla;Tuzamapan de Galeana;5924
Puebla;Tzicatlacoyan;6476
Puebla;Venustiano Carranza;28395
Puebla;Vicente Guerrero;26559
Puebla;Xayacatlán de Bravo;1570
Puebla;Xicotepec;80591
Puebla;Xicotlán;1312
Puebla;Xiutetelco;42943
Puebla;Xochiapulco;3443
Puebla;Xochiltepec;3375
Puebla;Xochitlán de Vicente Suárez;13025
Puebla;Xochitlán Todos Santos;7178
Puebla;Yaonáhuac;7926
Puebla;Yehualtepec;26392
Puebla;Zacapala;4647
Puebla;Zacapoaxtla;57887
Puebla;Zacatlán;87361
Puebla;Zapotitlán;8595
Puebla;Zapotitlán de Méndez;5675
Puebla;Zaragoza;16752
Puebla;Zautla;20717
Puebla;Zihuateutla;11967
Puebla;Zinacatepec;18359
Puebla;Zongozotla;4539
Puebla;Zoquiapan;2452
Puebla;Zoquitlán;20335
Querétaro;Amealco de Bonfil;66841
Querétaro;Pinal de Amoles;27365
Querétaro;Arroyo Seco;13142
Querétaro;Cadereyta de Montes;69075
Querétaro;Colón;67121
Querétaro;Corregidora;212567
Querétaro;Ezequiel Montes;45141
Querétaro;Huimilpan;36808
Querétaro;Jalpan de Serra;27343
Querétaro;Landa de Matamoros;18794
Querétaro;El Marqués;231668
Querétaro;Pedro Escobedo;77404
Querétaro;Peñamiller;19141
Querétaro;Querétaro;1049777
Querétaro;San Joaquín;8359
Querétaro;San Juan del Río;297804
Querétaro;Tequisquiapan;72201
Querétaro;Tolimán;27916
Quintana Roo;Cozumel;88626
Quintana Roo;Felipe Carrillo Puerto;83990
Quintana Roo;Isla Mujeres;22686
Quintana Roo;Othón P. Blanco;233648
Quintana Roo;Benito Juárez;911503
Quintana Roo;José María Morelos;39165
Quintana Roo;Lázaro Cárdenas;29171
Quintana Roo;Solidaridad;333800
Quintana Roo;Tulum;46721
Quintana Roo;Bacalar;41754
Quintana Roo;Puerto Morelos;26921
San Luis Potosí;Ahualulco;18974
San Luis Potosí;Alaquines;7785
San Luis Potosí;Aquismón;48359
San Luis Potosí;Armadillo de los Infante;4013
San Luis Potosí;Cárdenas;18317
San Luis Potosí;Catorce;9579
San Luis Potosí;Cedral;19840
San Luis Potosí;Cerritos;22075
San Luis Potosí;Cerro de San Pedro;5050
San Luis Potosí;Ciudad del Maíz;30320
San Luis Potosí;Ciudad Fernández;48106
San Luis Potosí;Tancanhuitz;20300
San Luis Potosí;Ciudad Valles;179371
San Luis Potosí;Coxcatlán;15660
San Luis Potosí;Charcas;21814
San Luis Potosí;Ebano;40899
San Luis Potosí;Guadalcázar;25119
San Luis Potosí;Huehuetlán;15334
San Luis Potosí;Lagunillas;5453
San Luis Potosí;Matehuala;102199
San Luis Potosí;Mexquitic de Carmona;58469
San Luis Potosí;Moctezuma;19036
San Luis Potosí;Rayón;15301
San Luis Potosí;Rioverde;97943
San Luis Potosí;Salinas;31107
San Luis Potosí;San Antonio;9382
San Luis Potosí;San Ciro de Acosta;10215
San Luis Potosí;San Luis Potosí;911908
San Luis Potosí;San Martín Chalchicuautla;18468
San Luis Potosí;San Nicolás Tolentino;4779
San Luis Potosí;Santa Catarina;12163
San Luis Potosí;Santa María del Río;39880
San Luis Potosí;Santo Domingo;10785
San Luis Potosí;San Vicente Tancuayalab;14945
San Luis Potosí;Soledad de Graciano Sánchez;332072
San Luis Potosí;Tamasopo;29184
San Luis Potosí;Tamazunchale;95037
San Luis Potosí;Tampacán;14348
San Luis Potosí;Tampamolón Corona;13603
San Luis Potosí;Tamuín;36968
San Luis Potosí;Tanlajás;18208
San Luis Potosí;Tanquián de Escobedo;13448
San Luis Potosí;Tierra Nueva;7966
San Luis Potosí;Vanegas;7557
San Luis Potosí;Venado;14188
San Luis Potosí;Villa de Arriaga;18206
San Luis Potosí;Villa de Guadalupe;9277
San Luis Potosí;Villa de la Paz;5298
San Luis Potosí;Villa de Ramos;38389
San Luis Potosí;Villa de Reyes;52912
San Luis Potosí;Villa Hidalgo;15458
San Luis Potosí;Villa Juárez;10304
San Luis Potosí;Axtla de Terrazas;32544
San Luis Potosí;Xilitla;49741
San Luis Potosí;Zaragoza;27386
San Luis Potosí;Villa de Arista;17258
San Luis Potosí;Matlapa;28996
San Luis Potosí;El Naranjo;20959
Sinaloa;Ahome;459310
Sinaloa;Angostura;44093
Sinaloa;Badiraguato;26542
Sinaloa;Concordia;24899
Sinaloa;Cosalá;17012
Sinaloa;Culiacán;1003530
Sinaloa;Choix;29334
Sinaloa;Elota;55339
Sinaloa;Escuinapa;59988
Sinaloa;El Fuerte;96593
Sinaloa;Guasave;289370
Sinaloa;Mazatlán;501441
Sinaloa;Mocorito;40358
Sinaloa;Rosario;52345
Sinaloa;Salvador Alvarado;79492
Sinaloa;San Ignacio;19505
Sinaloa;Sinaloa;78670
Sinaloa;Navolato;149122
Sonora;Aconchi;2563
Sonora;Agua Prieta;91929
Sonora;Alamos;24976
Sonora;Altar;9492
Sonora;Arivechi;1177
Sonora;Arizpe;2788
Sonora;Atil;626
Sonora;Bacadéhuachi;979
Sonora;Bacanora;759
Sonora;Bacerac;1221
Sonora;Bacoachi;1475
Sonora;Bácum;23151
Sonora;Banámichi;1825
Sonora;Baviácora;3191
Sonora;Bavispe;1169
Sonora;Benjamín Hill;4988
Sonora;Caborca;89122
Sonora;Cajeme;436484
Sonora;Cananea;39451
Sonora;Carbó;4946
Sonora;La Colorada;1848
Sonora;Cucurpe;863
Sonora;Cumpas;5829
Sonora;Divisaderos;753
Sonora;Empalme;51431
Sonora;Etchojoa;61309
Sonora;Fronteras;9041
Sonora;Granados;1009
Sonora;Guaymas;156863
Sonora;Hermosillo;936263
Sonora;Huachinera;1186
Sonora;Huásabas;888
Sonora;Huatabampo;77682
Sonora;Huépac;943
Sonora;Imuris;12536
Sonora;Magdalena;33049
Sonora;Mazatán;1101
Sonora;Moctezuma;5173
Sonora;Naco;5774
Sonora;Nácori Chico;1531
Sonora;Nacozari de García;14369
Sonora;Navojoa;164387
Sonora;Nogales;264782
Sonora;Ónavas;365
Sonora;Opodepe;2438
Sonora;Oquitoa;496
Sonora;Pitiquito;9122
Sonora;Puerto Peñasco;62689
Sonora;Quiriego;3090
Sonora;Rayón;1496
Sonora;Rosario;4830
Sonora;Sahuaripa;5257
Sonora;San Felipe de Jesús;369
Sonora;San Javier;537
Sonora;San Luis Río Colorado;199021
Sonora;San Miguel de Horcasitas;10729
Sonora;San Pedro de la Cueva;1458
Sonora;Santa Ana;16203
Sonora;Santa Cruz;1835
Sonora;Sáric;2058
Sonora;Soyopa;1368
Sonora;Suaqui Grande;1114
Sonora;Tepache;1178
Sonora;Trincheras;1381
Sonora;Tubutama;1473
Sonora;Ures;8548
Sonora;Villa Hidalgo;1429
Sonora;Villa Pesqueira;1043
Sonora;Yécora;4793
Sonora;General Plutarco Elías Calles;13627
Sonora;Benito Juárez;21692
Sonora;San Ignacio Río Muerto;14279
Tabasco;Balancán;58524
Tabasco;Cárdenas;243229
Tabasco;Centla;107731
Tabasco;Centro;683607
Tabasco;Comalcalco;214877
Tabasco;Cunduacán;137257
Tabasco;Emiliano Zapata;32181
Tabasco;Huimanguillo;190885
Tabasco;Jalapa;37749
Tabasco;Jalpa de Méndez;91185
Tabasco;Jonuta;30798
Tabasco;Macuspana;158601
Tabasco;Nacajuca;150300
Tabasco;Paraíso;96741
Tabasco;Tacotalpa;47905
Tabasco;Teapa;58718
Tabasco;Tenosique;62310
Tamaulipas;Abasolo;9822
Tamaulipas;Aldama;28725
Tamaulipas;Altamira;269790
Tamaulipas;Antiguo Morelos;8850
Tamaulipas;Burgos;4256
Tamaulipas;Bustamante;7542
Tamaulipas;Camargo;16546
Tamaulipas;Casas;4143
Tamaulipas;Ciudad Madero;205933
Tamaulipas;Cruillas;1671
Tamaulipas;Gómez Farías;8288
Tamaulipas;González;41470
Tamaulipas;Güémez;15032
Tamaulipas;Guerrero;3803
Tamaulipas;Gustavo Díaz Ordaz;15677
Tamaulipas;Hidalgo;17012
Tamaulipas;Jaumave;15994
Tamaulipas;Jiménez;6375
Tamaulipas;Llera;14645
Tamaulipas;Mainero;2048
Tamaulipas;El Mante;106144
Tamaulipas;Matamoros;541979
Tamaulipas;Méndez;4280
Tamaulipas;Mier;6385
Tamaulipas;Miguel Alemán;26237
Tamaulipas;Miquihuana;3704
Tamaulipas;Nuevo Laredo;425058
Tamaulipas;Nuevo Morelos;3810
Tamaulipas;Ocampo;13190
Tamaulipas;Padilla;13618
Tamaulipas;Palmillas;1917
Tamaulipas;Reynosa;704767
Tamaulipas;Río Bravo;132484
Tamaulipas;San Carlos;7411
Tamaulipas;San Fernando;51405
Tamaulipas;San Nicolás;926
Tamaulipas;Soto la Marina;23673
Tamaulipas;Tampico;297562
Tamaulipas;Tula;28230
Tamaulipas;Valle Hermoso;60055
Tamaulipas;Victoria;349688
Tamaulipas;Villagrán;5361
Tamaulipas;Xicoténcatl;22229
Tlaxcala;Amaxac de Guerrero;11403
Tlaxcala;Apetatitlán de Antonio Carvajal;16003
Tlaxcala;Atlangatepec;7087
Tlaxcala;Atltzayanca;18111
Tlaxcala;Apizaco;80725
Tlaxcala;Calpulalpan;51172
Tlaxcala;El Carmen Tequexquitla;17332
Tlaxcala;Cuapiaxtla;16222
Tlaxcala;Cuaxomulco;5928
Tlaxcala;Chiautempan;73215
Tlaxcala;Muñoz de Domingo Arenas;4755
Tlaxcala;Españita;9416
Tlaxcala;Huamantla;98764
Tlaxcala;Hueyotlipan;15190
Tlaxcala;Ixtacuixtla de Mariano Matamoros;38970
Tlaxcala;Ixtenco;7504
Tlaxcala;Mazatecochco de José María Morelos;11592
Tlaxcala;Contla de Juan Cuamatzi;38579
Tlaxcala;Tepetitla de Lardizábal;22274
Tlaxcala;Sanctórum de Lázaro Cárdenas;9432
Tlaxcala;Nanacamilpa de Mariano Arista;18686
Tlaxcala;Acuamanala de Miguel Hidalgo;6432
Tlaxcala;Natívitas;26309
Tlaxcala;Panotla;28357
Tlaxcala;San Pablo del Monte;82688
Tlaxcala;Santa Cruz Tlaxcala;24116
Tlaxcala;Tenancingo;12974
Tlaxcala;Teolocholco;25257
Tlaxcala;Tepeyanco;13328
Tlaxcala;Terrenate;15475
Tlaxcala;Tetla de la Solidaridad;35284
Tlaxcala;Tetlatlahuca;13561
Tlaxcala;Tlaxcala;99896
Tlaxcala;Tlaxco;45438
Tlaxcala;Tocatlán;6294
Tlaxcala;Totolac;22529
Tlaxcala;Ziltlaltépec de Trinidad Sánchez Santos;9207
Tlaxcala;Tzompantepec;18006
Tlaxcala;Xaloztoc;25607
Tlaxcala;Xaltocan;10601
Tlaxcala;Papalotla de Xicohténcatl;33499
Tlaxcala;Xicohtzinco;14197
Tlaxcala;Yauhquemehcan;42242
Tlaxcala;Zacatelco;45717
Tlaxcala;Benito Juárez;6211
Tlaxcala;Emiliano Zapata;4951
Tlaxcala;Lázaro Cárdenas;3534
Tlaxcala;La Magdalena Tlaltelulco;19036
Tlaxcala;San Damián Texóloc;5884
Tlaxcala;San Francisco Tetlanohcan;11761
Tlaxcala;San Jerónimo Zacualpan;4092
Tlaxcala;San José Teacalco;6436
Tlaxcala;San Juan Huactzinco;7688
Tlaxcala;San Lorenzo Axocomanitla;5689
Tlaxcala;San Lucas Tecopilco;3077
Tlaxcala;Santa Ana Nopalucan;7952
Tlaxcala;Santa Apolonia Teacalco;4636
Tlaxcala;Santa Catarina Ayometla;9463
Tlaxcala;Santa Cruz Quilehtla;7750
Tlaxcala;Santa Isabel Xiloxoxtla;5443
Veracruz de Ignacio de la Llave;Acajete;9701
Veracruz de Ignacio de la Llave;Acatlán;3441
Veracruz de Ignacio de la Llave;Acayucan;80815
Veracruz de Ignacio de la Llave;Actopan;41742
Veracruz de Ignacio de la Llave;Acula;5253
Veracruz de Ignacio de la Llave;Acultzingo;23100
Veracruz de Ignacio de la Llave;Camarón de Tejeda;6538
Veracruz de Ignacio de la Llave;Alpatláhuac;10338
Veracruz de Ignacio de la Llave;Alto Lucero de Gutiérrez Barrios;28184
Veracruz de Ignacio de la Llave;Altotonga;64234
Veracruz de Ignacio de la Llave;Alvarado;57035
Veracruz de Ignacio de la Llave;Amatitlán;7866
Veracruz de Ignacio de la Llave;Naranjos Amatlán;26843
Veracruz de Ignacio de la Llave;Amatlán de los Reyes;46955
Veracruz de Ignacio de la Llave;Angel R. Cabada;33839
Veracruz de Ignacio de la Llave;La Antigua;28682
Veracruz de Ignacio de la Llave;Apazapan;4709
Veracruz de Ignacio de la Llave;Aquila;1978
Veracruz de Ignacio de la Llave;Astacinga;6909
Veracruz de Ignacio de la Llave;Atlahuilco;11577
Veracruz de Ignacio de la Llave;Atoyac;23461
Veracruz de Ignacio de la Llave;Atzacan;22651
Veracruz de Ignacio de la Llave;Atzalan;49180
Veracruz de Ignacio de la Llave;Tlaltetela;16485
Veracruz de Ignacio de la Llave;Ayahualulco;27217
Veracruz de Ignacio de la Llave;Banderilla;25993
Veracruz de Ignacio de la Llave;Benito Juárez;16120
Veracruz de Ignacio de la Llave;Boca del Río;144550
Veracruz de Ignacio de la Llave;Calcahualco;13701
Veracruz de Ignacio de la Llave;Camerino Z. Mendoza;41835
Veracruz de Ignacio de la Llave;Carrillo Puerto;18888
Veracruz de Ignacio de la Llave;Catemaco;49451
Veracruz de Ignacio de la Llave;Cazones de Herrera;24421
Veracruz de Ignacio de la Llave;Cerro Azul;25011
Veracruz de Ignacio de la Llave;Citlaltépetl;11165
Veracruz de Ignacio de la Llave;Coacoatzintla;11018
Veracruz de Ignacio de la Llave;Coahuitlán;8176
Veracruz de Ignacio de la Llave;Coatepec;93911
Veracruz de Ignacio de la Llave;Coatzacoalcos;310698
Veracruz de Ignacio de la Llave;Coatzintla;55016
Veracruz de Ignacio de la Llave;Coetzala;2355
Veracruz de Ignacio de la Llave;Colipa;5743
Veracruz de Ignacio de la Llave;Comapa;19876
Veracruz de Ignacio de la Llave;Córdoba;204721
Veracruz de Ignacio de la Llave;Cosamaloapan de Carpio;54737
Veracruz de Ignacio de la Llave;Cosautlán de Carvajal;16167
Veracruz de Ignacio de la Llave;Coscomatepec;59471
Veracruz de Ignacio de la Llave;Cosoleacaque;130903
Veracruz de Ignacio de la Llave;Cotaxtla;22050
Veracruz de Ignacio de la Llave;Coxquihui;16333
Veracruz de Ignacio de la Llave;Coyutla;23096
Veracruz de Ignacio de la Llave;Cuichapa;11869
Veracruz de Ignacio de la Llave;Cuitláhuac;28075
Veracruz de Ignacio de la Llave;Chacaltianguis;11461
Veracruz de Ignacio de la Llave;Chalma;13527
Veracruz de Ignacio de la Llave;Chiconamel;6610
Veracruz de Ignacio de la Llave;Chiconquiaco;13881
Veracruz de Ignacio de la Llave;Chicontepec;53858
Veracruz de Ignacio de la Llave;Chinameca;22638
Veracruz de Ignacio de la Llave;Chinampa de Gorostiza;16283
Veracruz de Ignacio de la Llave;Las Choapas;81080
Veracruz de Ignacio de la Llave;Chocamán;20839
Veracruz de Ignacio de la Llave;Chontla;13359
Veracruz de Ignacio de la Llave;Chumatlán;4008
Veracruz de Ignacio de la Llave;Emiliano Zapata;85489
Veracruz de Ignacio de la Llave;Espinal;26830
Veracruz de Ignacio de la Llave;Filomeno Mata;19179
Veracruz de Ignacio de la Llave;Fortín;66372
Veracruz de Ignacio de la Llave;Gutiérrez Zamora;24085
Veracruz de Ignacio de la Llave;Hidalgotitlán;18275
Veracruz de Ignacio de la Llave;Huatusco;59920
Veracruz de Ignacio de la Llave;Huayacocotla;21796
Veracruz de Ignacio de la Llave;Hueyapan de Ocampo;41670
Veracruz de Ignacio de la Llave;Huiloapan de Cuauhtémoc;7293
Veracruz de Ignacio de la Llave;Ignacio de la Llave;16525
Veracruz de Ignacio de la Llave;Ilamatlán;13377
Veracruz de Ignacio de la Llave;Isla;42807
Veracruz de Ignacio de la Llave;Ixcatepec;12379
Veracruz de Ignacio de la Llave;Ixhuacán de los Reyes;11387
Veracruz de Ignacio de la Llave;Ixhuatlán del Café;23132
Veracruz de Ignacio de la Llave;Ixhuatlancillo;27295
Veracruz de Ignacio de la Llave;Ixhuatlán del Sureste;15831
Veracruz de Ignacio de la Llave;Ixhuatlán de Madero;50836
Veracruz de Ignacio de la Llave;Ixmatlahuacan;5574
Veracruz de Ignacio de la Llave;Ixtaczoquitlán;74004
Veracruz de Ignacio de la Llave;Jalacingo;46794
Veracruz de Ignacio de la Llave;Xalapa;488531
Veracruz de Ignacio de la Llave;Jalcomulco;5054
Veracruz de Ignacio de la Llave;Jáltipan;38669
Veracruz de Ignacio de la Llave;Jamapa;11132
Veracruz de Ignacio de la Llave;Jesús Carranza;28524
Veracruz de Ignacio de la Llave;Xico;39623
Veracruz de Ignacio de la Llave;Jilotepec;16585
Veracruz de Ignacio de la Llave;Juan Rodríguez Clara;38367
Veracruz de Ignacio de la Llave;Juchique de Ferrer;15059
Veracruz de Ignacio de la Llave;Landero y Coss;1543
Veracruz de Ignacio de la Llave;Lerdo de Tejada;19123
Veracruz de Ignacio de la Llave;Magdalena;3299
Veracruz de Ignacio de la Llave;Maltrata;18327
Veracruz de Ignacio de la Llave;Manlio Fabio Altamirano;23918
Veracruz de Ignacio de la Llave;Mariano Escobedo;38670
Veracruz de Ignacio de la Llave;Martínez de la Torre;108842
Veracruz de Ignacio de la Llave;Mecatlán;12799
Veracruz de Ignacio de la Llave;Mecayapan;17134
Veracruz de Ignacio de la Llave;Medellín de Bravo;95202
Veracruz de Ignacio de la Llave;Miahuatlán;4841
Veracruz de Ignacio de la Llave;Las Minas;2934
Veracruz de Ignacio de la Llave;Minatitlán;144776
Veracruz de Ignacio de la Llave;Misantla;65761
Veracruz de Ignacio de la Llave;Mixtla de Altamirano;12125
Veracruz de Ignacio de la Llave;Moloacán;16493
Veracruz de Ignacio de la Llave;Naolinco;22835
Veracruz de Ignacio de la Llave;Naranjal;4614
Veracruz de Ignacio de la Llave;Nautla;10130
Veracruz de Ignacio de la Llave;Nogales;37314
Veracruz de Ignacio de la Llave;Oluta;17027
Veracruz de Ignacio de la Llave;Omealca;23773
Veracruz de Ignacio de la Llave;Orizaba;123182
Veracruz de Ignacio de la Llave;Otatitlán;5651
Veracruz de Ignacio de la Llave;Oteapan;10343
Veracruz de Ignacio de la Llave;Ozuluama de Mascareñas;22756
Veracruz de Ignacio de la Llave;Pajapan;18051
Veracruz de Ignacio de la Llave;Pánuco;96185
Veracruz de Ignacio de la Llave;Papantla;159910
Veracruz de Ignacio de la Llave;Paso del Macho;31894
Veracruz de Ignacio de la Llave;Paso de Ovejas;33442
Veracruz de Ignacio de la Llave;La Perla;28258
Veracruz de Ignacio de la Llave;Perote;77432
Veracruz de Ignacio de la Llave;Platón Sánchez;18053
Veracruz de Ignacio de la Llave;Playa Vicente;39327
Veracruz de Ignacio de la Llave;Poza Rica de Hidalgo;189457
Veracruz de Ignacio de la Llave;Las Vigas de Ramírez;20300
Veracruz de Ignacio de la Llave;Pueblo Viejo;57909
Veracruz de Ignacio de la Llave;Puente Nacional;23544
Veracruz de Ignacio de la Llave;Rafael Delgado;24127
Veracruz de Ignacio de la Llave;Rafael Lucio;8343
Veracruz de Ignacio de la Llave;Los Reyes;6308
Veracruz de Ignacio de la Llave;Río Blanco;41795
Veracruz de Ignacio de la Llave;Saltabarranca;6126
Veracruz de Ignacio de la Llave;San Andrés Tenejapan;3134
Veracruz de Ignacio de la Llave;San Andrés Tuxtla;162428
Veracruz de Ignacio de la Llave;San Juan Evangelista;32631
Veracruz de Ignacio de la Llave;Santiago Tuxtla;57085
Veracruz de Ignacio de la Llave;Sayula de Alemán;32400
Veracruz de Ignacio de la Llave;Soconusco;16574
Veracruz de Ignacio de la Llave;Sochiapa;3925
Veracruz de Ignacio de la Llave;Soledad Atzompa;24578
Veracruz de Ignacio de la Llave;Soledad de Doblado;28130
Veracruz de Ignacio de la Llave;Soteapan;34385
Veracruz de Ignacio de la Llave;Tamalín;11631
Veracruz de Ignacio de la Llave;Tamiahua;21902
Veracruz de Ignacio de la Llave;Tampico Alto;11561
Veracruz de Ignacio de la Llave;Tancoco;5795
Veracruz de Ignacio de la Llave;Tantima;11991
Veracruz de Ignacio de la Llave;Tantoyuca;99959
Veracruz de Ignacio de la Llave;Tatatila;6041
Veracruz de Ignacio de la Llave;Castillo de Teayo;20145
Veracruz de Ignacio de la Llave;Tecolutla;24551
Veracruz de Ignacio de la Llave;Tehuipango;29686
Veracruz de Ignacio de la Llave;Álamo Temapache;107270
Veracruz de Ignacio de la Llave;Tempoal;34408
Veracruz de Ignacio de la Llave;Tenampa;6448
Veracruz de Ignacio de la Llave;Tenochtitlán;5040
Veracruz de Ignacio de la Llave;Teocelo;16957
Veracruz de Ignacio de la Llave;Tepatlaxco;8925
Veracruz de Ignacio de la Llave;Tepetlán;9405
Veracruz de Ignacio de la Llave;Tepetzintla;14619
Veracruz de Ignacio de la Llave;Tequila;16343
Veracruz de Ignacio de la Llave;José Azueta;22709
Veracruz de Ignacio de la Llave;Texcatepec;10824
Veracruz de Ignacio de la Llave;Texhuacán;5575
Veracruz de Ignacio de la Llave;Texistepec;19925
Veracruz de Ignacio de la Llave;Tezonapa;54537
Veracruz de Ignacio de la Llave;Tierra Blanca;95602
Veracruz de Ignacio de la Llave;Tihuatlán;92726
Veracruz de Ignacio de la Llave;Tlacojalpan;4489
Veracruz de Ignacio de la Llave;Tlacolulan;11685
Veracruz de Ignacio de la Llave;Tlacotalpan;12898
Veracruz de Ignacio de la Llave;Tlacotepec de Mejía;4284
Veracruz de Ignacio de la Llave;Tlachichilco;10900
Veracruz de Ignacio de la Llave;Tlalixcoyan;37795
Veracruz de Ignacio de la Llave;Tlalnelhuayocan;19664
Veracruz de Ignacio de la Llave;Tlapacoyan;61377
Veracruz de Ignacio de la Llave;Tlaquilpa;7933
Veracruz de Ignacio de la Llave;Tlilapan;5548
Veracruz de Ignacio de la Llave;Tomatlán;7197
Veracruz de Ignacio de la Llave;Tonayán;6105
Veracruz de Ignacio de la Llave;Totutla;17217
Veracruz de Ignacio de la Llave;Tuxpan;154600
Veracruz de Ignacio de la Llave;Tuxtilla;2258
Veracruz de Ignacio de la Llave;Ursulo Galván;30097
Veracruz de Ignacio de la Llave;Vega de Alatorre;20204
Veracruz de Ignacio de la Llave;Veracruz;607209
Veracruz de Ignacio de la Llave;Villa Aldama;12492
Veracruz de Ignacio de la Llave;Xoxocotla;5900
Veracruz de Ignacio de la Llave;Yanga;17902
Veracruz de Ignacio de la Llave;Yecuatla;11205
Veracruz de Ignacio de la Llave;Zacualpan;6788
Veracruz de Ignacio de la Llave;Zaragoza;11899
Veracruz de Ignacio de la Llave;Zentla;12581
Veracruz de Ignacio de la Llave;Zongolica;45028
Veracruz de Ignacio de la Llave;Zontecomatlán de López y Fuentes;14644
Veracruz de Ignacio de la Llave;Zozocolco de Hidalgo;14524
Veracruz de Ignacio de la Llave;Agua Dulce;44104
Veracruz de Ignacio de la Llave;El Higo;19402
Veracruz de Ignacio de la Llave;Nanchital de Lázaro Cárdenas del Río;29209
Veracruz de Ignacio de la Llave;Tres Valles;44978
Veracruz de Ignacio de la Llave;Carlos A. Carrillo;23376
Veracruz de Ignacio de la Llave;Tatahuicapan de Juárez;15044
Veracruz de Ignacio de la Llave;Uxpanapa;30891
Veracruz de Ignacio de la Llave;San Rafael;30351
Veracruz de Ignacio de la Llave;Santiago Sochiapan;13062
Yucatán;Abalá;6550
Yucatán;Acanceh;16772
Yucatán;Akil;12285
Yucatán;Baca;6195
Yucatán;Bokobá;2167
Yucatán;Buctzotz;9159
Yucatán;Cacalchén;7490
Yucatán;Calotmul;3949
Yucatán;Cansahcab;4466
Yucatán;Cantamayec;2755
Yucatán;Celestún;8389
Yucatán;Cenotillo;3736
Yucatán;Conkal;16671
Yucatán;Cuncunul;1714
Yucatán;Cuzamá;5560
Yucatán;Chacsinkín;3104
Yucatán;Chankom;4686
Yucatán;Chapab;3385
Yucatán;Chemax;38934
Yucatán;Chicxulub Pueblo;4497
Yucatán;Chichimilá;9406
Yucatán;Chikindzonot;4363
Yucatán;Chocholá;4863
Yucatán;Chumayel;3244
Yucatán;Dzán;6003
Yucatán;Dzemul;3622
Yucatán;Dzidzantún;8345
Yucatán;Dzilam de Bravo;2936
Yucatán;Dzilam González;6240
Yucatán;Dzitás;4015
Yucatán;Dzoncauich;2818
Yucatán;Espita;16779
Yucatán;Halachó;21255
Yucatán;Hocabá;6514
Yucatán;Hoctún;6384
Yucatán;Homún;8090
Yucatán;Huhí;5250
Yucatán;Hunucmá;35137
Yucatán;Ixil;4186
Yucatán;Izamal;28555
Yucatán;Kanasín;141939
Yucatán;Kantunil;5553
Yucatán;Kaua;3405
Yucatán;Kinchil;7530
Yucatán;Kopomá;2677
Yucatán;Mama;3296
Yucatán;Maní;5968
Yucatán;Maxcanú;23991
Yucatán;Mayapán;3965
Yucatán;Mérida;995129
Yucatán;Mocochá;3430
Yucatán;Motul;37804
Yucatán;Muna;13494
Yucatán;Muxupip;2990
Yucatán;Opichén;7080
Yucatán;Oxkutzcab;33854
Yucatán;Panabá;7766
Yucatán;Peto;25954
Yucatán;Progreso;66008
Yucatán;Quintana Roo;976
Yucatán;Río Lagartos;3974
Yucatán;Sacalum;4962
Yucatán;Samahil;5631
Yucatán;Sanahcat;1701
Yucatán;San Felipe;2118
Yucatán;Santa Elena;4220
Yucatán;Seyé;10053
Yucatán;Sinanché;3206
Yucatán;Sotuta;8967
Yucatán;Sucilá;3971
Yucatán;Sudzal;1949
Yucatán;Suma;1857
Yucatán;Tahdziú;5854
Yucatán;Tahmek;3774
Yucatán;Teabo;6921
Yucatán;Tecoh;17939
Yucatán;Tekal de Venegas;2683
Yucatán;Tekantó;3747
Yucatán;Tekax;45062
Yucatán;Tekit;11020
Yucatán;Tekom;3355
Yucatán;Telchac Pueblo;3512
Yucatán;Telchac Puerto;1915
Yucatán;Temax;7037
Yucatán;Temozón;16680
Yucatán;Tepakán;2133
Yucatán;Tetiz;5464
Yucatán;Teya;1917
Yucatán;Ticul;40495
Yucatán;Timucuy;7503
Yucatán;Tinum;12700
Yucatán;Tixcacalcupul;7888
Yucatán;Tixkokob;18420
Yucatán;Tixmehuac;5444
Yucatán;Tixpéhual;5690
Yucatán;Tizimín;80672
Yucatán;Tunkás;3684
Yucatán;Tzucacab;15346
Yucatán;Uayma;4191
Yucatán;Ucú;4049
Yucatán;Umán;69147
Yucatán;Valladolid;85460
Yucatán;Xocchel;3451
Yucatán;Yaxcabá;16350
Yucatán;Yaxkukul;3293
Yucatán;Yobaín;2215
Zacatecas;Apozol;6260
Zacatecas;Apulco;4942
Zacatecas;Atolinga;2277
Zacatecas;Benito Juárez;4493
Zacatecas;Calera;45759
Zacatecas;Cañitas de Felipe Pescador;8255
Zacatecas;Concepción del Oro;12115
Zacatecas;Cuauhtémoc;13466
Zacatecas;Chalchihuites;10086
Zacatecas;Fresnillo;240532
Zacatecas;Trinidad García de la Cadena;3362
Zacatecas;Genaro Codina;8168
Zacatecas;General Enrique Estrada;6644
Zacatecas;General Francisco R. Murguía;20191
Zacatecas;El Plateado de Joaquín Amaro;1579
Zacatecas;General Pánfilo Natera;23526
Zacatecas;Guadalupe;211740
Zacatecas;Huanusco;4547
Zacatecas;Jalpa;25296
Zacatecas;Jerez;59910
Zacatecas;Jiménez del Teul;4465
Zacatecas;Juan Aldama;19749
Zacatecas;Juchipila;12251
Zacatecas;Loreto;53709
Zacatecas;Luis Moya;13184
Zacatecas;Mazapil;17774
Zacatecas;Melchor Ocampo;2736
Zacatecas;Mezquital del Oro;2451
Zacatecas;Miguel Auza;23713
Zacatecas;Momax;2446
Zacatecas;Monte Escobedo;8683
Zacatecas;Morelos;13207
Zacatecas;Moyahua de Estrada;4530
Zacatecas;Nochistlán de Mejía;27945
Zacatecas;Noria de Ángeles;16284
Zacatecas;Ojocaliente;44144
Zacatecas;Pánuco;17577
Zacatecas;Pinos;72241
Zacatecas;Río Grande;64535
Zacatecas;Sain Alto;21844
Zacatecas;El Salvador;2509
Zacatecas;Sombrerete;63665
Zacatecas;Susticacán;1365
Zacatecas;Tabasco;16588
Zacatecas;Tepechitlán;8321
Zacatecas;Tepetongo;6490
Zacatecas;Teúl de González Ortega;5356
Zacatecas;Tlaltenango de Sánchez Román;27302
Zacatecas;Valparaíso;32461
Zacatecas;Vetagrande;10276
Zacatecas;Villa de Cos;34623
Zacatecas;Villa García;19525
Zacatecas;Villa González Ortega;13208
Zacatecas;Villa Hidalgo;19446
Zacatecas;Villanueva;31558
Zacatecas;Zacatecas;149607
Zacatecas;Trancoso;20455
Zacatecas;Santa María de la Paz;2767
